duration,protocol_type,service,flag,src_bytes,dst_bytes,land,wrong_fragment,urgent,hot,num_failed_logins,logged_in,lnum_compromised,lroot_shell,lsu_attempted,lnum_root,lnum_file_creations,lnum_shells,lnum_access_files,lnum_outbound_cmds,is_host_login,is_guest_login,count,srv_count,serror_rate,srv_serror_rate,rerror_rate,srv_rerror_rate,same_srv_rate,diff_srv_rate,srv_diff_host_rate,dst_host_count,dst_host_srv_count,dst_host_same_srv_rate,dst_host_diff_srv_rate,dst_host_same_src_port_rate,dst_host_srv_diff_host_rate,dst_host_serror_rate,dst_host_srv_serror_rate,dst_host_rerror_rate,dst_host_srv_rerror_rate,label
17640,udp,other,SF,146,105,0,0,0,0,0,0,0,0,0,0,0,0,0,0,0,0,1,1,0,0,0,0,1,0,0,255,1,0,0.87,0.99,0,0,0,0,0,normal
0,udp,private,SF,105,147,0,0,0,0,0,0,0,0,0,0,0,0,0,0,0,0,1,1,0,0,0,0,1,0,0,255,215,0.84,0.01,0,0,0,0,0,0,normal
0,tcp,http,SF,347,3902,0,0,0,0,0,1,0,0,0,0,0,0,0,0,0,0,1,1,0,0,0,0,1,0,0,240,252,1,0,0,0.02,0,0.01,0,0,normal
0,tcp,http,SF,309,704,0,0,0,0,0,1,0,0,0,0,0,0,0,0,0,0,13,14,0,0,0,0,1,0,0.14,32,255,1,0,0.03,0.05,0.03,0.01,0.03,0.01,normal
0,tcp,http,SF,306,450,0,0,0,0,0,1,0,0,0,0,0,0,0,0,0,0,23,31,0,0,0,0,1,0,0.06,23,255,1,0,0.04,0.02,0,0,0,0,normal
0,tcp,ftp_data,SF,1766,0,0,0,0,0,0,1,0,0,0,0,0,0,0,0,0,0,1,1,0,0,0,0,1,0,0,177,83,0.34,0.03,0.34,0.02,0.01,0.01,0,0,normal
0,tcp,ftp_data,SF,854,0,0,0,0,0,0,1,0,0,0,0,0,0,0,0,0,0,2,2,0,0,0,0,1,0,0,49,97,0.16,0.06,0.16,0.02,0,0,0,0,normal
0,tcp,http,SF,327,5765,0,0,0,0,0,1,0,0,0,0,0,0,0,0,0,0,27,27,0,0,0,0,1,0,0,255,255,1,0,0,0,0,0,0,0,normal
0,tcp,ftp_data,SF,567,0,0,0,0,0,0,0,0,0,0,0,0,0,0,0,0,0,1,1,0,0,0,0,1,0,0,62,70,0.26,0.06,0.26,0.03,0.02,0,0,0,normal
0,icmp,urp_i,SF,181,0,0,0,0,0,0,0,0,0,0,0,0,0,0,0,0,0,2,2,0,0,0,0,1,0,0,255,53,0.21,0.01,0.26,0,0,0,0,0,normal
2,tcp,smtp,SF,1439,326,0,0,0,0,0,1,0,0,0,0,0,0,0,0,0,0,1,5,0,0,0,0,1,0,1,118,163,0.66,0.05,0.01,0.01,0,0,0,0,normal
0,tcp,http,SF,198,6924,0,0,0,0,0,1,0,0,0,0,0,0,0,0,0,0,15,15,0,0,0,0,1,0,0,147,255,1,0,0.01,0.02,0,0,0.06,0.05,normal
0,udp,private,SF,28,0,0,3,0,0,0,0,0,0,0,0,0,0,0,0,0,0,30,30,0,0,0,0,1,0,0,255,30,0.12,0.01,0.12,0,0,0,0,0,attack
0,tcp,ftp_data,SF,59,0,0,0,0,0,0,0,0,0,0,0,0,0,0,0,0,0,8,9,0,0,0,0,1,0,0.22,82,106,0.34,0.06,0.34,0.02,0,0,0.01,0,normal
0,udp,domain_u,SF,33,0,0,0,0,0,0,0,0,0,0,0,0,0,0,0,0,0,1,2,0,0,0,0,1,0,1,154,9,0.06,0.08,0.06,0,0.01,0,0,0,normal
0,tcp,http,SF,343,406,0,0,0,0,0,1,0,0,0,0,0,0,0,0,0,0,4,4,0,0,0,0,1,0,0,255,255,1,0,0,0,0,0,0,0,normal
1,tcp,smtp,SF,1094,340,0,0,0,0,0,1,0,0,0,0,0,0,0,0,0,0,1,3,0,0,0,0,1,0,1,16,174,0.5,0.25,0.06,0.02,0,0.01,0,0,normal
0,tcp,http,SF,194,5246,0,0,0,0,0,1,0,0,0,0,0,0,0,0,0,0,1,1,0,0,0,0,1,0,0,39,255,1,0,0.03,0.01,0,0,0,0,normal
0,tcp,http,SF,346,2005,0,0,0,0,0,1,0,0,0,0,0,0,0,0,0,0,2,2,0,0,0,0,1,0,0,16,255,1,0,0.06,0.07,0,0,0,0,normal
0,tcp,http,SF,297,815,0,0,0,0,0,1,0,0,0,0,0,0,0,0,0,0,29,29,0,0,0,0,1,0,0,233,255,1,0,0,0.01,0,0,0,0,normal
0,tcp,smtp,SF,1079,336,0,0,0,0,0,1,0,0,0,0,0,0,0,0,0,0,1,2,0,0,0,0,1,0,1,186,107,0.39,0.03,0.01,0.02,0,0,0,0,normal
0,tcp,http,SF,307,3222,0,0,0,0,0,1,0,0,0,0,0,0,0,0,0,0,2,2,0,0,0,0,1,0,0,255,248,0.97,0.01,0,0,0,0,0,0,normal
4554,udp,other,SF,146,105,0,0,0,0,0,0,0,0,0,0,0,0,0,0,0,0,1,1,0,0,0,0,1,0,0,255,3,0.01,0.67,0.98,0,0,0,0,0,normal
0,udp,domain_u,SF,46,46,0,0,0,0,0,0,0,0,0,0,0,0,0,0,0,0,159,159,0,0,0,0,1,0,0,255,249,0.98,0.01,0,0,0,0,0,0,normal
0,udp,private,SF,28,0,0,3,0,0,0,0,0,0,0,0,0,0,0,0,0,0,35,35,0,0,0,0,1,0,0,255,135,0.53,0.47,0.53,0,0.09,0,0.38,0,attack
0,tcp,http,SF,313,2298,0,0,0,0,0,1,0,0,0,0,0,0,0,0,0,0,3,3,0,0,0,0,1,0,0,123,255,1,0,0.01,0.02,0,0,0,0,normal
0,tcp,http,SF,294,1024,0,0,0,0,0,1,0,0,0,0,0,0,0,0,0,0,7,7,0,0,0,0,1,0,0,255,255,1,0,0,0,0,0,0,0,normal
0,tcp,http,REJ,0,0,0,0,0,0,0,0,0,0,0,0,0,0,0,0,0,0,1,1,0,0,1,1,1,0,0,7,87,1,0,0.14,0.29,0,0,1,1,normal
0,tcp,http,SF,232,1680,0,0,0,0,0,1,0,0,0,0,0,0,0,0,0,0,8,13,0,0,0,0,1,0,0.15,255,255,1,0,0,0,0,0,0,0,normal
0,tcp,http,SF,196,315,0,0,0,0,0,1,0,0,0,0,0,0,0,0,0,0,2,2,0,0,0,0,1,0,0,26,255,1,0,0.04,0.06,0,0,0,0,normal
9514,udp,other,SF,145,105,0,0,0,0,0,0,0,0,0,0,0,0,0,0,0,0,1,1,0,0,0,0,1,0,0,255,2,0.01,0.63,0.89,0,0,0,0,0,normal
0,tcp,http,SF,302,1075,0,0,0,0,0,1,0,0,0,0,0,0,0,0,0,0,7,14,0,0,0,0,1,0,0.14,255,239,0.94,0.01,0,0,0,0,0,0,normal
0,tcp,ftp_data,SF,8173,0,0,0,0,0,0,1,0,0,0,0,0,0,0,0,0,0,15,15,0,0,0,0,1,0,0,252,64,0.25,0.02,0.25,0,0,0,0,0,normal
0,tcp,http,SF,232,1374,0,0,0,0,0,1,0,0,0,0,0,0,0,0,0,0,2,2,0,0,0,0,1,0,0,255,255,1,0,0,0,0,0,0,0,normal
0,tcp,http,SF,337,312,0,0,0,0,0,1,0,0,0,0,0,0,0,0,0,0,4,6,0,0,0,0,1,0,0.5,30,255,1,0,0.03,0.02,0,0.02,0,0.01,normal
0,tcp,http,SF,305,1075,0,0,0,0,0,1,0,0,0,0,0,0,0,0,0,0,7,7,0,0,0,0,1,0,0,255,255,1,0,0,0,0,0,0,0,normal
0,tcp,ftp_data,SF,641,0,0,0,0,0,0,1,0,0,0,0,0,0,0,0,0,0,1,1,0,0,0,0,1,0,0,255,5,0.02,0.02,0.02,0,0,0,0.84,0,normal
0,tcp,http,SF,312,2195,0,0,0,0,0,1,0,0,0,0,0,0,0,0,0,0,14,24,0,0,0,0,1,0,0.08,119,255,1,0,0.01,0.03,0,0,0,0,normal
0,icmp,urp_i,SF,182,0,0,0,0,0,0,0,0,0,0,0,0,0,0,0,0,0,4,2,0,0,0,0,0.5,0.75,0,255,38,0.15,0.01,0.16,0,0,0,0,0,normal
0,tcp,http,SF,223,2668,0,0,0,0,0,1,0,0,0,0,0,0,0,0,0,0,1,55,0,0,0,0,1,0,0.05,7,255,1,0,0.14,0.03,0,0,0,0,normal
0,tcp,Z39_50,RSTR,0,0,0,0,0,0,0,0,0,0,0,0,0,0,0,0,0,0,1,1,0,0,1,1,1,0,0,255,1,0,0.51,1,0,0,0,1,1,attack
0,tcp,http,SF,232,51823,0,0,0,0,0,1,0,0,0,0,0,0,0,0,0,0,1,1,0,0,0,0,1,0,0,255,255,1,0,0,0,0,0,0,0,normal
0,tcp,http,SF,323,188,0,0,0,0,0,1,0,0,0,0,0,0,0,0,0,0,8,8,0,0,0,0,1,0,0,167,255,1,0,0.01,0.05,0,0,0.52,0.65,normal
0,tcp,http,SF,305,280,0,0,0,0,0,1,0,0,0,0,0,0,0,0,0,0,8,8,0,0,0,0,1,0,0,255,255,1,0,0,0,0,0,0,0,normal
0,tcp,ftp_data,SF,15377,0,0,0,0,0,0,1,0,0,0,0,0,0,0,0,0,0,20,20,0,0,0,0,1,0,0,121,90,0.5,0.02,0.5,0.02,0,0,0,0,normal
0,tcp,http,SF,299,2793,0,0,0,0,0,1,0,0,0,0,0,0,0,0,0,0,6,6,0,0,0,0,1,0,0,66,255,1,0,0.02,0.06,0,0,0,0,normal
0,tcp,smtp,SF,1346,399,0,0,0,0,0,1,0,0,0,0,0,0,0,0,0,0,1,2,0,0,0,0,1,0,1,58,168,0.83,0.05,0.02,0.02,0,0,0,0,normal
0,tcp,http,SF,329,2431,0,0,0,0,0,1,0,0,0,0,0,0,0,0,0,0,7,7,0,0,0,0,1,0,0,33,255,1,0,0.03,0.05,0,0,0,0,normal
0,tcp,http,SF,256,354,0,0,0,0,0,1,0,0,0,0,0,0,0,0,0,0,12,31,0,0,0,0,1,0,0.1,255,255,1,0,0,0,0,0,0,0,normal
0,udp,domain_u,SF,42,42,0,0,0,0,0,0,0,0,0,0,0,0,0,0,0,0,6,12,0,0,0,0,1,0,0.25,178,173,0.97,0.02,0.01,0,0,0,0,0,normal
0,icmp,ecr_i,SF,1032,0,0,0,0,0,0,0,0,0,0,0,0,0,0,0,0,0,27,27,0,0,0,0,1,0,0,255,255,1,0,1,0,0,0,0,0,attack
0,tcp,http,SF,141,5937,0,0,0,0,0,1,0,0,0,0,0,0,0,0,0,0,2,2,0,0,0,0,1,0,0,2,141,1,0,0.5,0.05,0,0,0,0,normal
0,icmp,eco_i,SF,8,0,0,0,0,0,0,0,0,0,0,0,0,0,0,0,0,0,1,46,0,0,0,0,1,0,1,2,255,1,0,1,0.5,0,0,0,0,attack
0,tcp,http,REJ,0,0,0,0,0,0,0,0,0,0,0,0,0,0,0,0,0,0,1,1,0,0,1,1,1,0,0,16,255,1,0,0.06,0.16,0,0,1,1,normal
0,tcp,http,SF,230,2267,0,0,0,0,0,1,0,0,0,0,0,0,0,0,0,0,19,20,0,0,0,0,1,0,0.1,104,255,1,0,0.01,0.08,0,0,0,0,normal
0,tcp,http,SF,285,445,0,0,0,0,0,1,0,0,0,0,0,0,0,0,0,0,1,1,0,0,0,0,1,0,0,120,255,1,0,0.01,0.02,0,0.02,0.01,0.01,normal
0,tcp,http,SF,219,5114,0,0,0,0,0,1,0,0,0,0,0,0,0,0,0,0,17,21,0,0,0,0,1,0,0.19,35,255,1,0,0.03,0.05,0,0,0,0,normal
0,tcp,http,SF,357,1257,0,0,0,0,0,1,0,0,0,0,0,0,0,0,0,0,9,10,0,0,0,0,1,0,0.2,255,255,1,0,0,0,0,0,0,0,normal
0,tcp,http,SF,350,392,0,0,0,0,0,1,0,0,0,0,0,0,0,0,0,0,29,29,0,0,0,0,1,0,0,255,255,1,0,0,0,0,0,0,0,normal
0,tcp,smtp,SF,670,335,0,0,0,0,0,1,0,0,0,0,0,0,0,0,0,0,1,1,0,0,0,0,1,0,0,255,101,0.4,0.08,0,0,0.01,0,0,0,normal
0,tcp,http,SF,294,367,0,0,0,0,0,1,0,0,0,0,0,0,0,0,0,0,4,4,0,0,0,0,1,0,0,4,255,1,0,0.25,0.03,0,0,0,0,normal
0,tcp,http,SF,291,2870,0,0,0,0,0,1,0,0,0,0,0,0,0,0,0,0,14,18,0,0,0,0,1,0,0.17,14,255,1,0,0.07,0.03,0,0,0,0,normal
0,tcp,http,SF,326,281,0,0,0,0,0,1,0,0,0,0,0,0,0,0,0,0,14,14,0,0,0,0,1,0,0,30,255,1,0,0.03,0.03,0,0,0,0,normal
0,udp,domain_u,SF,45,138,0,0,0,0,0,0,0,0,0,0,0,0,0,0,0,0,1,3,0,0,0,0,1,0,0.67,255,244,0.96,0.01,0,0,0,0,0,0,normal
0,tcp,http,SF,139,31614,0,0,0,0,0,1,0,0,0,0,0,0,0,0,0,0,1,8,0,0,0,0,1,0,0.25,255,255,1,0,0,0,0,0,0,0,normal
0,tcp,http,REJ,0,0,0,0,0,0,0,0,0,0,0,0,0,0,0,0,0,0,1,1,0,0,1,1,1,0,0,13,136,1,0,0.08,0.04,0,0,1,1,normal
1,tcp,smtp,SF,1273,334,0,0,0,0,0,1,0,0,0,0,0,0,0,0,0,0,1,3,0,0,0,0,1,0,1,243,139,0.57,0.03,0,0,0,0,0,0,normal
0,tcp,smtp,SF,1742,333,0,0,0,0,0,1,0,0,0,0,0,0,0,0,0,0,2,1,0,0,0,0,0.5,1,0,255,111,0.44,0.03,0,0,0,0,0,0,normal
0,tcp,http,SF,326,811,0,0,0,0,0,1,0,0,0,0,0,0,0,0,0,0,3,3,0,0,0,0,1,0,0,3,255,1,0,0.33,0.01,0,0,0,0,normal
0,tcp,http,REJ,0,0,0,0,0,0,0,0,0,0,0,0,0,0,0,0,0,0,1,2,0,0,1,1,1,0,1,5,255,1,0,0.2,0.2,0,0,1,1,normal
0,tcp,http,SF,204,5683,0,0,0,0,0,1,0,0,0,0,0,0,0,0,0,0,4,4,0,0,0,0,1,0,0,32,255,1,0,0.03,0.04,0,0,0,0,normal
0,tcp,http,SF,201,1484,0,0,0,0,0,1,0,0,0,0,0,0,0,0,0,0,2,2,0,0,0,0,1,0,0,255,255,1,0,0,0,0.01,0.01,0,0,normal
0,tcp,http,SF,235,934,0,0,0,0,0,1,0,0,0,0,0,0,0,0,0,0,11,12,0,0,0,0,1,0,0.17,255,255,1,0,0.01,0,0,0,0,0,normal
0,tcp,http,SF,277,7145,0,0,0,0,0,1,0,0,0,0,0,0,0,0,0,0,10,10,0,0,0,0,1,0,0,31,255,1,0,0.03,0.01,0,0,0,0,normal
0,tcp,http,SF,282,2119,0,0,0,0,0,1,0,0,0,0,0,0,0,0,0,0,44,46,0,0,0,0,1,0,0.07,155,255,1,0,0.01,0.02,0,0,0,0,normal
0,tcp,smtp,SF,1887,327,0,0,0,0,0,1,0,0,0,0,0,0,0,0,0,0,1,1,0,0,0,0,1,0,0,63,40,0.63,0.06,0.02,0,0,0,0,0,normal
0,tcp,http,S0,0,0,0,0,0,0,0,0,0,0,0,0,0,0,0,0,0,0,2,2,0.5,0.5,0,0,1,0,0,50,255,1,0,0.04,0.01,0.02,0,0,0,normal
0,tcp,http,SF,310,3393,0,0,0,0,0,1,0,0,0,0,0,0,0,0,0,0,38,49,0,0,0,0,1,0,0.06,255,255,1,0,0,0,0,0,0,0,normal
0,tcp,http,SF,328,597,0,0,0,0,0,1,0,0,0,0,0,0,0,0,0,0,17,17,0,0,0,0,1,0,0,199,255,1,0,0.01,0.01,0,0,0,0,normal
0,tcp,http,SF,293,22990,0,0,0,0,0,1,0,0,0,0,0,0,0,0,0,0,1,1,0,0,0,0,1,0,0,1,255,1,0,1,0.03,0,0,0,0,normal
1,tcp,smtp,SF,1969,334,0,0,0,0,0,1,0,0,0,0,0,0,0,0,0,0,1,2,0,0,0,0,1,0,1,15,12,0.8,0.27,0.07,0,0,0,0,0,normal
3,tcp,smtp,SF,763,377,0,0,0,0,0,1,0,0,0,0,0,0,0,0,0,0,1,3,0,0,0,0,1,0,1,156,159,0.62,0.03,0.01,0.01,0,0,0,0,normal
2,udp,private,SF,105,147,0,0,0,0,0,0,0,0,0,0,0,0,0,0,0,0,2,2,0,0,0,0,1,0,0,255,249,0.98,0.01,0.01,0,0,0,0,0,normal
0,tcp,http,SF,201,25558,0,0,0,0,0,1,0,0,0,0,0,0,0,0,0,0,2,2,0,0,0,0,1,0,0,2,255,1,0,0.5,0.03,0,0,0,0,normal
7,udp,private,SF,105,146,0,0,0,0,0,0,0,0,0,0,0,0,0,0,0,0,2,2,0,0,0,0,1,0,0,133,125,0.94,0.02,0.02,0,0,0,0,0,normal
2630,udp,other,SF,147,105,0,0,0,0,0,0,0,0,0,0,0,0,0,0,0,0,1,1,0,0,0,0,1,0,0,255,1,0,0.85,0.98,0,0,0,0,0,normal
12275,udp,other,SF,146,105,0,0,0,0,0,0,0,0,0,0,0,0,0,0,0,0,1,1,0,0,0,0,1,0,0,255,1,0,0.84,1,0,0,0,0,0,normal
0,tcp,http,SF,287,7333,0,0,0,0,0,1,0,0,0,0,0,0,0,0,0,0,2,2,0,0,0,0,1,0,0,44,255,1,0,0.02,0.04,0,0,0,0,normal
0,udp,domain_u,SF,43,129,0,0,0,0,0,0,0,0,0,0,0,0,0,0,0,0,21,101,0,0,0,0,1,0,0.02,135,104,0.77,0.01,0.01,0,0,0,0,0,normal
0,icmp,ecr_i,SF,1032,0,0,0,0,0,0,0,0,0,0,0,0,0,0,0,0,0,436,436,0,0,0,0,1,0,0,255,255,1,0,1,0,0,0,0,0,attack
3554,udp,other,SF,146,105,0,0,0,0,0,0,0,0,0,0,0,0,0,0,0,0,2,1,0,0,0,0,0.5,1,0,255,3,0.01,0.52,0.9,0,0,0,0,0,normal
0,tcp,smtp,SF,736,331,0,0,0,0,0,1,0,0,0,0,0,0,0,0,0,0,1,2,0,0,0,0,1,0,1,14,142,0.57,0.14,0.07,0.02,0,0,0,0,normal
0,tcp,http,SF,244,391,0,0,0,0,0,1,0,0,0,0,0,0,0,0,0,0,12,12,0,0,0,0,1,0,0,255,255,1,0,0,0,0,0,0,0,normal
0,tcp,http,SF,228,280,0,0,0,0,0,1,0,0,0,0,0,0,0,0,0,0,8,8,0,0,0,0,1,0,0,255,255,1,0,0,0,0,0,0,0,normal
2354,udp,other,SF,147,105,0,0,0,0,0,0,0,0,0,0,0,0,0,0,0,0,1,1,0,0,0,0,1,0,0,255,1,0,0.86,1,0,0,0,0,0,normal
0,tcp,http,SF,198,3391,0,0,0,0,0,1,0,0,0,0,0,0,0,0,0,0,6,6,0,0,0,0,1,0,0,188,255,1,0,0.01,0.02,0,0,0,0,normal
0,tcp,http,SF,242,865,0,0,0,0,0,1,0,0,0,0,0,0,0,0,0,0,5,26,0,0,0,0,1,0,0.08,255,255,1,0,0,0,0,0,0,0,normal
0,tcp,http,SF,231,1930,0,0,0,0,0,1,0,0,0,0,0,0,0,0,0,0,1,17,0,0,0,0,1,0,0.24,11,255,1,0,0.09,0.05,0,0,0,0,normal
0,udp,domain_u,SF,33,49,0,0,0,0,0,0,0,0,0,0,0,0,0,0,0,0,1,2,0,0,0,0,1,0,1,63,62,0.98,0.03,0.02,0,0,0,0,0,normal
0,tcp,http,SF,216,4452,0,0,0,0,0,1,0,0,0,0,0,0,0,0,0,0,6,6,0,0,0,0,1,0,0,255,255,1,0,0,0,0,0,0,0,normal
0,tcp,ftp_data,SF,334,0,0,0,0,0,0,1,0,0,0,0,0,0,0,0,0,0,2,2,0,0,0,0,1,0,0,14,25,1,0,1,0.08,0,0,0,0,attack
0,icmp,urp_i,SF,78,0,0,0,0,0,0,0,0,0,0,0,0,0,0,0,0,0,10,3,0,0,0,0,0.3,0.2,0,255,29,0.11,0.01,0.11,0,0,0,0,0,normal
0,tcp,smtp,SF,1788,915,0,0,0,0,0,1,0,0,0,0,0,0,0,0,0,0,1,1,0,0,0,0,1,0,0,255,5,0.02,0.01,0,0,0,0,0,0,normal
0,tcp,http,REJ,0,0,0,0,0,0,0,0,0,0,0,0,0,0,0,0,0,0,1,1,0,0,1,1,1,0,0,5,223,1,0,0.2,0.13,0,0,1,0.95,normal
4705,udp,other,SF,147,105,0,0,0,0,0,0,0,0,0,0,0,0,0,0,0,0,1,1,0,0,0,0,1,0,0,255,1,0,0.82,0.98,0,0,0,0,0,normal
0,tcp,http,SF,236,370,0,0,0,0,0,1,0,0,0,0,0,0,0,0,0,0,12,12,0,0,0,0,1,0,0,255,255,1,0,0,0,0,0,0,0,normal
0,tcp,http,REJ,0,0,0,0,0,0,0,0,0,0,0,0,0,0,0,0,0,0,1,1,0,0,1,1,1,0,0,6,248,1,0,0.17,0.08,0,0,1,0.98,normal
0,icmp,ecr_i,SF,1032,0,0,0,0,0,0,0,0,0,0,0,0,0,0,0,0,0,182,182,0,0,0,0,1,0,0,255,255,1,0,1,0,0,0,0,0,attack
1779,udp,other,SF,147,105,0,0,0,0,0,0,0,0,0,0,0,0,0,0,0,0,4,2,0,0,0,0,0.5,0.5,0,255,2,0.01,0.7,0.98,0,0,0,0,0,normal
0,tcp,ftp_data,SF,334,0,0,0,0,0,0,1,0,0,0,0,0,0,0,0,0,0,2,2,0,0,0,0,1,0,0,2,36,1,0,1,0.17,0,0,0,0,attack
0,tcp,ftp_data,SF,641,0,0,0,0,0,0,1,0,0,0,0,0,0,0,0,0,0,1,1,0,0,0,0,1,0,0,155,53,0.23,0.05,0.25,0.04,0.01,0.02,0,0,normal
0,tcp,http,SF,286,337,0,0,0,0,0,1,0,0,0,0,0,0,0,0,0,0,28,28,0,0,0,0,1,0,0,125,255,1,0,0.01,0.01,0,0,0,0,normal
0,tcp,http,SF,322,3170,0,0,0,0,0,1,0,0,0,0,0,0,0,0,0,0,4,6,0,0,0,0,1,0,0.33,24,255,1,0,0.04,0.02,0,0.01,0,0,normal
0,tcp,http,SF,219,11700,0,0,0,0,0,1,0,0,0,0,0,0,0,0,0,0,3,3,0,0,0,0,1,0,0,3,255,1,0,0.33,0.05,0,0,0,0,normal
0,tcp,http,SF,319,1068,0,0,0,0,0,1,0,0,0,0,0,0,0,0,0,0,4,5,0,0,0,0,1,0,0.4,4,255,1,0,0.25,0.09,0,0,0,0,normal
0,udp,domain_u,SF,44,113,0,0,0,0,0,0,0,0,0,0,0,0,0,0,0,0,1,2,0,0,0,0,1,0,1,255,248,0.97,0.01,0,0,0,0,0,0,normal
0,tcp,http,SF,331,1160,0,0,0,0,0,1,0,0,0,0,0,0,0,0,0,0,11,11,0,0,0,0,1,0,0,25,255,1,0,0.04,0.06,0,0,0,0,normal
0,tcp,http,SF,250,5814,0,0,0,0,0,1,0,0,0,0,0,0,0,0,0,0,25,27,0,0,0,0,1,0,0.11,154,255,1,0,0.01,0.04,0,0,0,0,normal
0,tcp,http,SF,317,1600,0,0,0,0,0,1,0,0,0,0,0,0,0,0,0,0,11,11,0,0,0,0,1,0,0,255,255,1,0,0,0,0.01,0.01,0,0,normal
0,tcp,http,SF,223,307,0,0,0,0,0,1,0,0,0,0,0,0,0,0,0,0,19,49,0,0,0,0,1,0,0.04,255,255,1,0,0,0,0,0,0,0,normal
0,tcp,http,SF,54540,8314,0,0,0,2,0,1,1,0,0,0,0,0,0,0,0,0,3,4,0,0,0,0.25,1,0,0.5,255,255,1,0,0,0,0,0,0.03,0.03,attack
0,tcp,http,SF,310,7037,0,0,0,0,0,1,0,0,0,0,0,0,0,0,0,0,11,13,0,0,0,0,1,0,0.23,19,255,1,0,0.05,0.02,0,0,0,0,normal
0,tcp,http,SF,335,1152,0,0,0,0,0,1,0,0,0,0,0,0,0,0,0,0,3,3,0,0,0,0,1,0,0,25,255,1,0,0.04,0.01,0,0,0,0,normal
0,tcp,http,SF,457,3081,0,0,0,0,0,1,0,0,0,0,0,0,0,0,0,0,9,9,0,0,0,0,1,0,0,121,255,1,0,0.01,0.03,0,0,0,0,normal
0,icmp,eco_i,SF,8,0,0,0,0,0,0,0,0,0,0,0,0,0,0,0,0,0,1,24,0,0,0,0,1,0,1,2,64,1,0,1,0.5,0,0,0,0,attack
0,tcp,http,SF,213,1691,0,0,0,0,0,1,0,0,0,0,0,0,0,0,0,0,11,11,0.09,0.09,0,0,1,0,0,255,255,1,0,0,0,0,0,0,0,normal
0,tcp,http,SF,240,2164,0,0,0,0,0,1,0,0,0,0,0,0,0,0,0,0,4,29,0,0,0,0,1,0,0.07,37,255,1,0,0.03,0.04,0,0,0,0,normal
0,tcp,http,SF,234,1034,0,0,0,0,0,1,0,0,0,0,0,0,0,0,0,0,4,6,0,0,0,0,1,0,0.33,18,255,1,0,0.06,0.02,0.06,0,0,0,normal
0,tcp,http,SF,192,2377,0,0,0,0,0,1,0,0,0,0,0,0,0,0,0,0,11,11,0,0,0,0,1,0,0,11,255,1,0,0.09,0.04,0,0,0,0,normal
0,tcp,http,SF,222,1229,0,0,0,0,0,1,0,0,0,0,0,0,0,0,0,0,7,9,0,0,0,0,1,0,0.22,255,255,1,0,0,0,0,0,0,0,normal
0,tcp,http,SF,232,9490,0,0,0,0,0,1,0,0,0,0,0,0,0,0,0,0,1,2,0,0,0,0,1,0,1,193,255,1,0,0.01,0.01,0,0,0,0,normal
0,tcp,http,SF,230,4600,0,0,0,0,0,1,0,0,0,0,0,0,0,0,0,0,2,2,0,0,0,0,1,0,0,18,255,1,0,0.06,0.04,0,0,0,0,normal
0,tcp,http,SF,232,1232,0,0,0,0,0,1,0,0,0,0,0,0,0,0,0,0,31,38,0,0,0,0,1,0,0.11,255,255,1,0,0,0,0,0,0,0,normal
0,tcp,http,SF,301,774,0,0,0,0,0,1,0,0,0,0,0,0,0,0,0,0,24,24,0,0,0,0,1,0,0,74,255,1,0,0.01,0.02,0,0,0,0,normal
0,tcp,http,SF,146,13872,0,0,0,0,0,1,0,0,0,0,0,0,0,0,0,0,1,7,0,0,0,0,1,0,0.43,25,25,1,0,0.04,0,0,0,0,0,normal
0,tcp,http,SF,213,2155,0,0,0,0,0,1,0,0,0,0,0,0,0,0,0,0,4,8,0,0,0,0,1,0,0.25,4,255,1,0,0.25,0.06,0,0,0,0,normal
0,tcp,http,SF,250,11135,0,0,0,0,0,1,0,0,0,0,0,0,0,0,0,0,4,13,0,0.08,0,0,1,0,0.54,255,255,1,0,0,0,0,0,0,0,normal
0,tcp,http,SF,353,611,0,0,0,0,0,1,0,0,0,0,0,0,0,0,0,0,8,8,0,0,0,0,1,0,0,255,255,1,0,0,0,0,0,0,0,normal
0,tcp,http,SF,332,902,0,0,0,0,0,1,0,0,0,0,0,0,0,0,0,0,7,7,0,0,0,0,1,0,0,43,255,1,0,0.02,0.06,0,0,0,0,normal
0,tcp,http,SF,191,2241,0,0,0,0,0,1,0,0,0,0,0,0,0,0,0,0,1,1,0,0,0,0,1,0,0,215,255,1,0,0,0.01,0,0.01,0,0,normal
0,tcp,http,SF,212,9262,0,0,0,0,0,1,0,0,0,0,0,0,0,0,0,0,8,8,0,0,0,0,1,0,0,155,255,1,0,0.01,0.03,0,0,0,0,normal
0,tcp,http,SF,278,2543,0,0,0,0,0,1,0,0,0,0,0,0,0,0,0,0,41,41,0.02,0.02,0.02,0.02,1,0,0,255,255,1,0,0,0,0,0,0,0,normal
0,tcp,http,SF,234,15475,0,0,0,0,0,1,0,0,0,0,0,0,0,0,0,0,4,11,0,0,0,0,1,0,0.18,8,255,1,0,0.12,0.01,0,0,0,0,normal
3,tcp,smtp,SF,843,328,0,0,0,0,0,1,0,0,0,0,0,0,0,0,0,0,1,1,0,0,0,0,1,0,0,169,75,0.44,0.04,0.01,0,0.01,0,0,0,normal
0,tcp,http,SF,289,300,0,0,0,0,0,1,0,0,0,0,0,0,0,0,0,0,5,5,0,0,0,0,1,0,0,45,255,1,0,0.02,0.05,0,0,0,0,normal
0,tcp,http,SF,189,296,0,0,0,0,0,1,0,0,0,0,0,0,0,0,0,0,10,12,0,0,0,0,1,0,0.17,255,255,1,0,0,0,0,0,0,0,normal
0,tcp,http,SF,284,809,0,0,0,0,0,1,0,0,0,0,0,0,0,0,0,0,31,31,0,0,0,0,1,0,0,31,255,1,0,0.03,0.02,0,0,0,0,normal
0,tcp,ftp_data,SF,334,0,0,0,0,0,0,1,0,0,0,0,0,0,0,0,0,0,2,2,0,0,0,0,1,0,0,2,36,1,0,1,0.19,0,0,0,0,attack
0,tcp,http,SF,217,291,0,0,0,0,0,1,0,0,0,0,0,0,0,0,0,0,1,1,0,0,0,0,1,0,0,35,255,1,0,0.03,0.05,0,0,0,0,normal
0,udp,domain_u,SF,29,0,0,0,0,0,0,0,0,0,0,0,0,0,0,0,0,0,1,2,0,0,0,0,1,0,1,70,58,0.2,0.06,0.2,0.03,0,0,0,0,normal
0,tcp,http,SF,292,535,0,0,0,0,0,1,0,0,0,0,0,0,0,0,0,0,15,28,0,0,0,0,1,0,0.18,255,255,1,0,0,0,0,0,0,0,normal
0,tcp,http,SF,231,1380,0,0,0,0,0,1,0,0,0,0,0,0,0,0,0,0,3,3,0,0,0,0,1,0,0,255,249,0.98,0.01,0,0,0,0,0,0,normal
0,tcp,http,REJ,0,0,0,0,0,0,0,0,0,0,0,0,0,0,0,0,0,0,1,1,0,0,1,1,1,0,0,2,226,1,0,0.5,0.19,0,0,1,1,normal
0,tcp,http,SF,304,313,0,0,0,0,0,1,0,0,0,0,0,0,0,0,0,0,15,16,0,0,0,0,1,0,0.12,255,255,1,0,0,0,0,0,0,0,normal
0,tcp,http,SF,313,6197,0,0,0,0,0,1,0,0,0,0,0,0,0,0,0,0,3,3,0,0,0,0,1,0,0,226,255,1,0,0,0.02,0,0,0,0,normal
0,tcp,http,SF,208,245,0,0,0,0,0,1,0,0,0,0,0,0,0,0,0,0,8,8,0,0,0,0,1,0,0,8,255,1,0,0.12,0.05,0,0,0,0,normal
0,tcp,http,SF,217,762,0,0,0,0,0,1,0,0,0,0,0,0,0,0,0,0,37,37,0,0,0,0,1,0,0,255,255,1,0,0,0,0,0,0,0,normal
0,tcp,http,SF,217,3200,0,0,0,0,0,1,0,0,0,0,0,0,0,0,0,0,7,7,0,0,0,0,1,0,0,255,255,1,0,0,0,0,0,0,0,normal
0,tcp,http,SF,215,6085,0,0,0,0,0,1,0,0,0,0,0,0,0,0,0,0,4,10,0,0,0,0,1,0,0.2,20,255,1,0,0.05,0.01,0,0,0,0,normal
0,tcp,ftp_data,SF,1830,0,0,0,0,0,0,1,0,0,0,0,0,0,0,0,0,0,9,9,0,0,0,0,1,0,0,157,89,0.57,0.03,0.57,0,0,0,0,0,normal
0,tcp,http,SF,289,6675,0,0,0,0,0,1,0,0,0,0,0,0,0,0,0,0,1,11,0,0,0,0,1,0,0.18,8,255,1,0,0.12,0.05,0.12,0,0,0.01,normal
0,tcp,ftp_data,SF,334,0,0,0,0,0,0,1,0,0,0,0,0,0,0,0,0,0,2,2,0,0,0,0,1,0,0,2,24,1,0,1,0.08,0,0,0,0,attack
0,tcp,http,SF,184,3766,0,0,0,0,0,1,0,0,0,0,0,0,0,0,0,0,8,8,0,0,0,0,1,0,0,8,255,1,0,0.12,0.04,0,0,0,0,normal
0,tcp,http,SF,311,8097,0,0,0,0,0,1,0,0,0,0,0,0,0,0,0,0,7,9,0,0,0,0,1,0,0.33,163,255,1,0,0.01,0.01,0,0,0,0,normal
0,tcp,ftp_data,SF,59,0,0,0,0,0,0,1,0,0,0,0,0,0,0,0,0,0,11,11,0,0,0,0,1,0,0,221,95,0.41,0.03,0.41,0.02,0,0,0,0,normal
0,tcp,http,SF,202,4091,0,0,0,0,0,1,0,0,0,0,0,0,0,0,0,0,1,1,0,0,0,0,1,0,0,255,248,0.97,0.01,0,0,0,0,0,0,normal
0,tcp,http,SF,293,800,0,0,0,0,0,1,0,0,0,0,0,0,0,0,0,0,7,7,0,0,0,0,1,0,0,49,255,1,0,0.02,0.06,0,0,0,0,normal
0,tcp,http,SF,235,2015,0,0,0,0,0,1,0,0,0,0,0,0,0,0,0,0,15,15,0,0,0,0,1,0,0,255,255,1,0,0,0,0,0,0,0,normal
0,tcp,http,SF,202,2143,0,0,0,0,0,1,0,0,0,0,0,0,0,0,0,0,13,16,0,0,0,0,1,0,0.12,255,255,1,0,0,0,0,0,0,0,normal
0,tcp,http,SF,246,1791,0,0,0,0,0,1,0,0,0,0,0,0,0,0,0,0,4,4,0,0,0,0,1,0,0,71,255,1,0,0.01,0.05,0,0,0,0.02,normal
0,tcp,http,SF,247,525,0,0,0,0,0,1,0,0,0,0,0,0,0,0,0,0,27,27,0,0,0,0,1,0,0,255,255,1,0,0,0,0,0,0,0,normal
1,tcp,smtp,SF,1325,333,0,0,0,0,0,1,0,0,0,0,0,0,0,0,0,0,1,1,0,0,0,0,1,0,0,63,163,0.81,0.1,0.02,0.01,0.02,0.02,0,0,normal
0,tcp,http,SF,204,663,0,0,0,0,0,1,0,0,0,0,0,0,0,0,0,0,15,17,0,0,0,0,1,0,0.12,36,255,1,0,0.03,0.04,0,0,0,0,normal
0,tcp,http,SF,215,3345,0,0,0,0,0,1,0,0,0,0,0,0,0,0,0,0,2,4,0,0,0,0.25,1,0,0.5,21,255,1,0,0.05,0.03,0,0,0,0,normal
1,tcp,smtp,SF,1077,374,0,0,0,0,0,1,0,0,0,0,0,0,0,0,0,0,1,2,0,0,0,0,1,0,1,187,243,0.96,0.01,0.01,0.01,0,0,0,0,normal
0,tcp,http,SF,313,1337,0,0,0,0,0,1,0,0,0,0,0,0,0,0,0,0,31,31,0,0,0,0,1,0,0,255,255,1,0,0,0,0,0,0,0,normal
0,tcp,http,SF,326,593,0,0,0,0,0,1,0,0,0,0,0,0,0,0,0,0,2,2,0,0,0,0,1,0,0,187,255,1,0,0.01,0.01,0,0,0,0,normal
0,tcp,http,REJ,0,0,0,0,0,0,0,0,0,0,0,0,0,0,0,0,0,0,1,1,0,0,1,1,1,0,0,9,255,1,0,0.11,0.06,0,0,1,0.85,normal
0,udp,domain_u,SF,42,42,0,0,0,0,0,0,0,0,0,0,0,0,0,0,0,0,17,27,0,0,0,0,1,0,0.11,255,255,1,0,0.01,0,0,0,0,0,normal
0,tcp,private,REJ,0,0,0,0,0,0,0,0,0,0,0,0,0,0,0,0,0,0,511,1,0.09,0,0.9,1,0,1,0,255,1,0,1,0,0,0.14,0,0.84,1,attack
0,tcp,http,SF,239,300,0,0,0,0,0,1,0,0,0,0,0,0,0,0,0,0,41,42,0,0,0,0,1,0,0.05,255,255,1,0,0,0,0,0,0,0,normal
0,udp,domain_u,SF,32,48,0,0,0,0,0,0,0,0,0,0,0,0,0,0,0,0,3,5,0,0,0,0,1,0,0.4,255,252,0.99,0.01,0.01,0,0,0,0,0,normal
0,tcp,http,REJ,0,0,0,0,0,0,0,0,0,0,0,0,0,0,0,0,0,0,1,1,0,0,1,1,1,0,0,3,244,1,0,0.33,0.16,0,0,1,0.78,normal
0,tcp,http,SF,163,19983,0,0,0,0,0,1,0,0,0,0,0,0,0,0,0,0,2,2,0,0,0,0,1,0,0,118,255,1,0,0.01,0.02,0,0,0,0,normal
0,tcp,http,SF,54540,8314,0,0,0,2,0,1,1,0,0,0,0,0,0,0,0,0,1,2,0,0,0,0.5,1,0,1,144,144,1,0,0.01,0,0,0,0.01,0.01,attack
0,tcp,http,SF,168,20901,0,0,0,0,0,1,0,0,0,0,0,0,0,0,0,0,1,3,0,0,0,0,1,0,0.67,255,255,1,0,0,0,0,0,0,0,normal
0,udp,domain_u,SF,46,77,0,0,0,0,0,0,0,0,0,0,0,0,0,0,0,0,43,45,0,0,0,0,1,0,0.07,255,224,0.88,0.01,0,0,0,0,0,0,normal
0,tcp,smtp,SF,707,334,0,0,0,0,0,1,0,0,0,0,0,0,0,0,0,0,1,1,0,0,0,0,1,0,0,113,161,0.73,0.04,0.01,0.02,0,0,0,0,normal
0,tcp,http,SF,281,2408,0,0,0,0,0,1,0,0,0,0,0,0,0,0,0,0,7,10,0,0,0,0,1,0,0.2,255,255,1,0,0.01,0,0,0,0,0,normal
0,tcp,http,SF,159,14517,0,0,0,0,0,1,0,0,0,0,0,0,0,0,0,0,12,12,0,0,0,0,1,0,0,12,255,1,0,0.08,0.05,0,0,0,0,normal
0,tcp,http,SF,315,436,0,0,0,0,0,1,0,0,0,0,0,0,0,0,0,0,17,63,0,0,0,0,1,0,0.14,255,255,1,0,0,0,0,0,0,0,normal
0,tcp,other,REJ,0,0,0,0,0,0,0,0,0,0,0,0,0,0,0,0,0,0,511,1,0.17,0,0.83,1,0,1,0,255,1,0,1,0,0,0.27,0,0.73,1,attack
0,tcp,http,SF,247,2004,0,0,0,0,0,1,0,0,0,0,0,0,0,0,0,0,9,9,0,0,0,0,1,0,0,39,255,1,0,0.03,0.03,0,0,0,0,normal
0,tcp,http,SF,164,819,0,0,0,0,0,1,0,0,0,0,0,0,0,0,0,0,1,1,0,0,0,0,1,0,0,1,255,1,0,1,0.05,0,0,0,0,normal
2,tcp,smtp,SF,843,339,0,0,0,0,0,1,0,0,0,0,0,0,0,0,0,0,1,3,0,0,0,0,1,0,1,39,179,0.69,0.08,0.03,0.02,0,0,0,0,normal
0,tcp,http,SF,227,14185,0,0,0,0,0,1,0,0,0,0,0,0,0,0,0,0,3,7,0,0,0,0,1,0,0.43,50,255,1,0,0.02,0.01,0,0,0,0,normal
1,tcp,smtp,SF,2661,338,0,0,0,0,0,1,0,0,0,0,0,0,0,0,0,0,1,1,0,0,0,0,1,0,0,14,175,0.93,0.14,0.07,0.01,0,0,0,0,normal
0,tcp,http,SF,224,2354,0,0,0,0,0,1,0,0,0,0,0,0,0,0,0,0,15,33,0,0,0,0,1,0,0.12,16,255,1,0,0.06,0.04,0,0,0.06,0.04,normal
0,tcp,http,SF,237,834,0,0,0,0,0,1,0,0,0,0,0,0,0,0,0,0,14,14,0,0,0,0,1,0,0,85,255,1,0,0.01,0.02,0,0,0,0,normal
0,tcp,http,SF,205,248,0,0,0,0,0,1,0,0,0,0,0,0,0,0,0,0,9,17,0,0,0,0,1,0,0.12,72,255,1,0,0.01,0.05,0,0,0,0,normal
2676,udp,other,SF,145,105,0,0,0,0,0,0,0,0,0,0,0,0,0,0,0,0,1,1,0,0,0,0,1,0,0,255,1,0,0.6,0.84,0,0,0,0,0,normal
0,tcp,http,REJ,0,0,0,0,0,0,0,0,0,0,0,0,0,0,0,0,0,0,1,1,0,0,1,1,1,0,0,1,213,1,0,1,0.21,0,0,1,0.92,normal
0,udp,domain_u,SF,42,42,0,0,0,0,0,0,0,0,0,0,0,0,0,0,0,0,3,7,0,0,0,0,1,0,0.57,255,243,0.95,0.01,0,0,0,0,0,0,normal
0,udp,private,SF,28,0,0,3,0,0,0,0,0,0,0,0,0,0,0,0,0,0,19,19,0,0,0,0,1,0,0,255,19,0.07,0.02,0.07,0,0,0,0,0,attack
1,tcp,smtp,SF,1099,331,0,0,0,0,0,1,0,0,0,0,0,0,0,0,0,0,1,3,0,0,0,0,1,0,1,250,140,0.56,0.02,0,0,0,0,0,0,normal
0,tcp,http,SF,54540,8314,0,0,0,2,0,1,1,0,0,0,0,0,0,0,0,0,5,5,0,0,0,0,1,0,0,232,232,1,0,0,0,0,0,0.06,0.06,attack
0,tcp,ftp_data,SF,245,0,0,0,0,0,0,1,0,0,0,1,0,0,0,0,0,0,1,1,0,0,0,0,1,0,0,35,68,0.4,0.14,0.4,0.03,0.03,0.04,0,0,normal
0,tcp,http,SF,326,12202,0,0,0,0,0,1,0,0,0,0,0,0,0,0,0,0,1,45,0,0,0,0,1,0,0.07,4,255,1,0,0.25,0.03,0,0,0,0,normal
0,tcp,http,SF,223,397,0,0,0,0,0,1,0,0,0,0,0,0,0,0,0,0,16,33,0,0,0,0,1,0,0.06,255,255,1,0,0,0,0,0,0,0,normal
0,tcp,http,REJ,0,0,0,0,0,0,0,0,0,0,0,0,0,0,0,0,0,0,1,3,0,0,1,1,1,0,1,44,253,1,0,0.02,0.16,0,0,1,1,normal
0,tcp,http,SF,310,4063,0,0,0,0,0,1,0,0,0,0,0,0,0,0,0,0,45,45,0,0,0,0,1,0,0,255,255,1,0,0,0,0,0,0,0,normal
0,tcp,http,SF,236,1001,0,0,0,0,0,1,0,0,0,0,0,0,0,0,0,0,1,1,0,0,0,0,1,0,0,6,255,1,0,0.17,0.02,0,0,0,0,normal
0,tcp,http,SF,333,2073,0,0,0,0,0,1,0,0,0,0,0,0,0,0,0,0,14,27,0,0,0,0,1,0,0.15,255,255,1,0,0,0,0,0,0,0,normal
0,tcp,http,SF,308,11121,0,0,0,0,0,1,0,0,0,0,0,0,0,0,0,0,13,13,0,0,0,0,1,0,0,13,255,1,0,0.08,0.05,0,0,0,0,normal
0,tcp,http,SF,348,11236,0,0,0,0,0,1,0,0,0,0,0,0,0,0,0,0,2,28,0,0,0,0,1,0,0.07,207,255,1,0,0,0.01,0,0,0,0,normal
0,tcp,http,SF,212,171,0,0,0,0,0,1,0,0,0,0,0,0,0,0,0,0,5,5,0,0,0,0,1,0,0,5,255,1,0,0.2,0.05,0,0,0,0,normal
0,tcp,http,SF,217,330,0,0,0,0,0,1,0,0,0,0,0,0,0,0,0,0,3,3,0,0,0,0,1,0,0,112,255,1,0,0.01,0.03,0,0,0,0,normal
0,tcp,http,SF,307,237,0,0,0,0,0,1,0,0,0,0,0,0,0,0,0,0,3,3,0,0,0,0,1,0,0,93,255,1,0,0.01,0.04,0,0,0,0,normal
0,tcp,http,SF,217,6209,0,0,0,0,0,1,0,0,0,0,0,0,0,0,0,0,8,29,0,0,0,0,1,0,0.21,35,255,1,0,0.03,0.02,0,0,0,0,normal
0,udp,private,SF,28,0,0,3,0,0,0,0,0,0,0,0,0,0,0,0,0,0,54,54,0,0,0,0,1,0,0,255,54,0.21,0.04,0.21,0,0.02,0,0,0,attack
0,tcp,http,SF,211,2904,0,0,0,0,0,1,0,0,0,0,0,0,0,0,0,0,30,30,0,0,0,0,1,0,0,255,255,1,0,0,0,0,0,0,0,normal
0,tcp,ftp_data,SF,5319,0,0,0,0,0,0,1,0,0,0,0,0,0,0,0,0,0,4,4,0,0,0,0,1,0,0,139,59,0.13,0.03,0.13,0.03,0,0,0,0,normal
0,icmp,eco_i,SF,18,0,0,0,0,0,0,0,0,0,0,0,0,0,0,0,0,0,1,1,0,0,0,0,1,0,0,1,66,1,0,1,1,0,0,0,0,attack
0,tcp,http,SF,224,928,0,0,0,0,0,1,0,0,0,0,0,0,0,0,0,0,9,9,0,0,0,0,1,0,0,29,255,1,0,0.03,0.06,0,0,0,0,normal
0,tcp,http,SF,287,347,0,0,0,0,0,1,0,0,0,0,0,0,0,0,0,0,29,29,0,0,0,0,1,0,0,255,255,1,0,0,0,0,0,0,0,normal
40232,tcp,private,RSTR,1,0,0,0,0,0,0,0,0,0,0,0,0,0,0,0,0,0,2,2,0,0,1,1,1,0,0,255,2,0.01,0.45,0.9,0,0,0,0.9,1,attack
0,tcp,http,SF,342,714,0,0,0,0,0,1,0,0,0,0,0,0,0,0,0,0,4,4,0,0,0,0,1,0,0,255,255,1,0,0,0,0,0,0,0,normal
0,tcp,http,SF,207,8230,0,0,0,0,0,1,0,0,0,0,0,0,0,0,0,0,2,2,0,0,0,0,1,0,0,2,255,1,0,0.5,0.04,0,0,0,0,normal
0,tcp,http,SF,345,2580,0,0,0,0,0,1,0,0,0,0,0,0,0,0,0,0,20,44,0,0,0,0,1,0,0.07,255,255,1,0,0,0,0,0,0,0,normal
0,tcp,smtp,SF,2098,338,0,0,0,0,0,1,0,0,0,0,0,0,0,0,0,0,1,1,0,0,0,0,1,0,0,163,149,0.56,0.03,0.01,0.01,0,0,0,0,normal
0,tcp,http,SF,239,285,0,0,0,0,0,1,0,0,0,0,0,0,0,0,0,0,3,3,0,0,0,0,1,0,0,255,255,1,0,0,0,0,0,0,0,normal
0,tcp,http,SF,252,620,0,0,0,0,0,1,0,0,0,0,0,0,0,0,0,0,1,24,0,0,0,0,1,0,0.12,4,255,1,0,0.25,0.09,0,0,0,0,normal
2,tcp,smtp,SF,1058,326,0,0,0,0,0,1,0,0,0,0,0,0,0,0,0,0,1,2,0,0,0,0,1,0,1,36,61,0.39,0.06,0.03,0.03,0,0,0,0,normal
234,udp,other,SF,147,105,0,0,0,0,0,0,0,0,0,0,0,0,0,0,0,0,1,1,0,0,0,0,1,0,0,255,1,0,0.6,0.94,0,0,0,0,0,normal
0,tcp,http,SF,319,5280,0,0,0,0,0,1,0,0,0,0,0,0,0,0,0,0,6,6,0,0,0,0,1,0,0,93,216,1,0,0.01,0.02,0,0,0.78,0.91,normal
0,tcp,http,SF,221,2714,0,0,0,0,0,1,0,0,0,0,0,0,0,0,0,0,9,12,0,0,0,0,1,0,0.17,255,255,1,0,0,0,0,0,0,0,normal
0,tcp,http,SF,281,440,0,0,0,0,0,1,0,0,0,0,0,0,0,0,0,0,16,18,0,0,0,0,1,0,0.11,255,255,1,0,0,0,0,0,0,0,normal
0,tcp,http,SF,300,1146,0,0,0,0,0,1,0,0,0,0,0,0,0,0,0,0,2,2,0,0,0,0,1,0,0,119,255,1,0,0.02,0.02,0,0,0,0,normal
0,tcp,http,REJ,0,0,0,0,0,0,0,0,0,0,0,0,0,0,0,0,0,0,1,1,0,0,1,1,1,0,0,3,116,1,0,0.33,0.18,0,0,1,0.85,normal
0,tcp,http,SF,218,2816,0,0,0,0,0,1,0,0,0,0,0,0,0,0,0,0,16,25,0,0,0,0,1,0,0.12,255,255,1,0,0,0,0,0,0,0,normal
20,tcp,http,SF,247,238,0,0,0,0,0,1,0,0,0,0,0,0,0,0,0,0,1,1,0,0,0,0,1,0,0,87,255,1,0,0.01,0.07,0,0,0.02,0.02,normal
532,udp,other,SF,146,105,0,0,0,0,0,0,0,0,0,0,0,0,0,0,0,0,1,1,0,0,0,0,1,0,0,255,2,0.01,0.53,0.81,0,0,0,0,0,normal
0,icmp,eco_i,SF,30,0,0,0,0,0,0,0,0,0,0,0,0,0,0,0,0,0,1,1,0,0,0,0,1,0,0,37,131,1,0,1,0.37,0,0,0,0,normal
0,udp,domain_u,SF,46,117,0,0,0,0,0,0,0,0,0,0,0,0,0,0,0,0,1,2,0,0,0,0,1,0,1,234,213,0.91,0.01,0,0,0,0,0.03,0,normal
0,tcp,http,SF,221,2235,0,0,0,0,0,1,0,0,0,0,0,0,0,0,0,0,6,6,0,0,0,0,1,0,0,6,47,1,0,0.17,0.06,0,0,0,0,normal
0,tcp,http,SF,218,305,0,0,0,0,0,1,0,0,0,0,0,0,0,0,0,0,17,17,0,0,0,0,1,0,0,255,255,1,0,0,0,0,0,0,0,normal
0,icmp,ecr_i,SF,1032,0,0,0,0,0,0,0,0,0,0,0,0,0,0,0,0,0,414,414,0,0,0,0,1,0,0,255,255,1,0,1,0,0,0,0,0,attack
0,tcp,http,SF,272,2316,0,0,0,0,0,1,0,0,0,0,0,0,0,0,0,0,9,9,0,0,0,0,1,0,0,110,255,1,0,0.01,0.02,0,0,0,0,normal
0,tcp,ftp_data,SF,1199,0,0,0,0,0,0,1,0,0,0,0,0,0,0,0,0,0,11,11,0,0,0,0,1,0,0,76,70,0.51,0.05,0.51,0.03,0,0,0,0,normal
0,tcp,http,SF,284,552,0,0,0,0,0,1,0,0,0,0,0,0,0,0,0,0,33,33,0,0,0,0,1,0,0,255,255,1,0,0,0,0,0,0,0,normal
0,tcp,http,SF,333,1294,0,0,0,0,0,1,0,0,0,0,0,0,0,0,0,0,13,13,0,0,0,0,1,0,0,96,255,1,0,0.01,0.04,0,0,0,0,normal
0,tcp,http,SF,187,15416,0,0,0,0,0,1,0,0,0,0,0,0,0,0,0,0,4,11,0,0,0,0,1,0,0.36,46,255,1,0,0.02,0.04,0,0,0,0,normal
37,tcp,smtp,SF,1555,402,0,0,0,2,0,1,0,0,0,0,0,0,0,0,0,0,1,1,0,0,0,0,1,0,0,17,10,0.59,0.18,0.06,0,0,0,0,0,normal
0,tcp,http,SF,290,1522,0,0,0,0,0,1,0,0,0,0,0,0,0,0,0,0,3,3,0,0,0,0,1,0,0,45,255,1,0,0.02,0.04,0,0,0,0,normal
14,udp,private,SF,105,146,0,0,0,0,0,0,0,0,0,0,0,0,0,0,0,0,2,2,0,0,0,0,1,0,0,255,215,0.84,0.01,0.01,0,0,0,0,0,normal
0,tcp,http,SF,163,4192,0,0,0,0,0,1,0,0,0,0,0,0,0,0,0,0,1,1,0,0,0,0,1,0,0,1,254,1,0,1,0.05,0,0,0,0,normal
4,tcp,smtp,SF,1533,364,0,0,0,0,0,1,0,0,0,0,0,0,0,0,0,0,1,1,0,0,0,0,1,0,0,157,175,0.63,0.04,0.01,0.01,0,0,0,0,normal
0,tcp,http,SF,243,1066,0,0,0,0,0,1,0,0,0,0,0,0,0,0,0,0,32,49,0,0,0,0,1,0,0.04,255,255,1,0,0,0,0,0,0,0,normal
0,tcp,http,REJ,0,0,0,0,0,0,0,0,0,0,0,0,0,0,0,0,0,0,1,1,0,0,1,1,1,0,0,17,255,1,0,0.06,0.17,0,0,1,1,normal
1,tcp,smtp,SF,1552,368,0,0,0,0,0,1,0,0,0,0,0,0,0,0,0,0,1,4,0,0,0,0,1,0,1,218,130,0.6,0.02,0,0,0,0,0,0,normal
0,tcp,http,SF,240,3516,0,0,0,0,0,1,0,0,0,0,0,0,0,0,0,0,35,35,0,0,0,0,1,0,0,35,255,1,0,0.03,0.07,0,0,0,0,normal
0,tcp,http,SF,231,3752,0,0,0,0,0,1,0,0,0,0,0,0,0,0,0,0,1,1,0,0,0,0,1,0,0,21,255,1,0,0.05,0.02,0,0,0.29,0.09,normal
10,udp,private,SF,105,146,0,0,0,0,0,0,0,0,0,0,0,0,0,0,0,0,2,2,0,0,0,0,1,0,0,255,237,0.93,0.01,0.02,0,0,0,0,0,normal
0,tcp,http,SF,211,424,0,0,0,0,0,1,0,0,0,0,0,0,0,0,0,0,16,16,0,0,0,0,1,0,0,255,255,1,0,0.01,0,0,0,0,0,normal
0,tcp,http,SF,165,564,0,0,0,0,0,1,0,0,0,0,0,0,0,0,0,0,1,1,0,0,0,0,1,0,0,1,255,1,0,1,0.05,0,0,0,0,normal
0,tcp,http,SF,210,2220,0,0,0,0,0,1,0,0,0,0,0,0,0,0,0,0,7,7,0,0,0,0,1,0,0,7,255,1,0,0.14,0.02,0,0,0,0,normal
0,tcp,http,SF,210,314,0,0,0,0,0,1,0,0,0,0,0,0,0,0,0,0,38,39,0,0,0,0,1,0,0.05,255,255,1,0,0,0,0,0,0,0,normal
0,tcp,ftp_data,SF,960,0,0,0,0,0,0,1,0,0,0,0,0,0,0,0,0,0,2,2,0,0,0,0,1,0,0,61,130,0.59,0.05,0.59,0.02,0,0,0,0,normal
0,tcp,http,SF,293,619,0,0,0,0,0,1,0,0,0,0,0,0,0,0,0,0,6,12,0,0,0,0,1,0,0.33,255,255,1,0,0,0,0,0,0,0,normal
0,tcp,http,SF,208,284,0,0,0,0,0,1,0,0,0,0,0,0,0,0,0,0,11,12,0,0,0,0,1,0,0.17,137,255,1,0,0.01,0.03,0,0.01,0,0.01,normal
0,tcp,private,RSTR,0,0,0,0,0,0,0,0,0,0,0,0,0,0,0,0,0,0,1,1,0,0,1,1,1,0,0,255,1,0,0.79,0.79,0,0,0,0.79,1,attack
0,tcp,smtp,SF,1204,333,0,0,0,0,0,1,0,0,0,0,0,0,0,0,0,0,1,2,0,0,0,0,1,0,1,195,146,0.56,0.02,0.01,0.01,0,0,0.03,0.04,normal
0,tcp,http,SF,328,412,0,0,0,0,0,1,0,0,0,0,0,0,0,0,0,0,4,4,0,0,0,0,1,0,0,255,255,1,0,0,0,0,0,0,0,normal
0,tcp,http,SF,196,23239,0,0,0,0,0,1,0,0,0,0,0,0,0,0,0,0,3,6,0,0,0,0,1,0,0.67,33,255,1,0,0.03,0.02,0,0,0,0,normal
0,tcp,http,SF,210,1775,0,0,0,0,0,1,0,0,0,0,0,0,0,0,0,0,7,7,0,0,0,0,1,0,0,255,255,1,0,0,0,0,0,0,0,normal
0,tcp,http,SF,210,5908,0,0,0,0,0,1,0,0,0,0,0,0,0,0,0,0,4,8,0,0.12,0,0,1,0,0.38,14,255,1,0,0.07,0.03,0,0,0,0,normal
0,tcp,http,SF,252,439,0,0,0,0,0,1,0,0,0,0,0,0,0,0,0,0,2,2,0,0,0,0,1,0,0,213,255,1,0,0,0.01,0,0,0,0,normal
5,tcp,telnet,SF,135,3192,0,0,0,0,0,1,0,0,0,0,0,0,0,0,0,0,1,1,0,0,0,0,1,0,0,74,24,0.32,0.04,0.01,0,0,0,0,0,normal
0,tcp,http,SF,197,2297,0,0,0,0,0,1,0,0,0,0,0,0,0,0,0,0,2,2,0,0,0,0,1,0,0,214,255,1,0,0,0.01,0,0,0,0,normal
0,tcp,http,SF,315,603,0,0,0,0,0,1,0,0,0,0,0,0,0,0,0,0,16,23,0.06,0.04,0,0,1,0,0.13,59,255,1,0,0.02,0.05,0.02,0,0,0,normal
0,tcp,http,SF,203,4020,0,0,0,0,0,1,0,0,0,0,0,0,0,0,0,0,5,5,0,0,0,0,1,0,0,51,255,1,0,0.02,0.07,0.04,0.01,0,0,normal
0,tcp,http,SF,207,2216,0,0,0,0,0,1,0,0,0,0,0,0,0,0,0,0,4,5,0,0,0,0,1,0,0.4,62,255,1,0,0.02,0.05,0,0,0,0,normal
0,tcp,http,SF,232,2239,0,0,0,0,0,1,0,0,0,0,0,0,0,0,0,0,5,5,0,0,0,0,1,0,0,255,250,0.98,0.01,0,0,0,0,0,0,normal
0,icmp,urp_i,SF,183,0,0,0,0,0,0,0,0,0,0,0,0,0,0,0,0,0,9,7,0,0,0,0,0.78,0.33,0,255,20,0.08,0.01,0.09,0,0,0,0,0,normal
0,tcp,http,SF,230,1075,0,0,0,0,0,1,0,0,0,0,0,0,0,0,0,0,7,7,0,0,0,0,1,0,0,255,249,0.98,0.01,0,0,0,0,0,0,normal
0,tcp,http,SF,218,1792,0,0,0,0,0,1,0,0,0,0,0,0,0,0,0,0,28,29,0,0,0,0,1,0,0.07,255,255,1,0,0,0,0,0,0,0,normal
0,tcp,http,SF,336,2408,0,0,0,0,0,1,0,0,0,0,0,0,0,0,0,0,15,15,0,0,0,0,1,0,0,167,203,1,0,0.01,0.02,0,0,0,0,normal
0,icmp,eco_i,SF,8,0,0,0,0,0,0,0,0,0,0,0,0,0,0,0,0,0,1,44,0,0,0,0,1,0,1,1,79,1,0,1,0.51,0,0,0,0,attack
0,tcp,http,SF,215,3085,0,0,0,0,0,1,0,0,0,0,0,0,0,0,0,0,14,14,0,0,0,0,1,0,0,255,255,1,0,0,0,0,0,0,0,normal
0,tcp,http,SF,281,3232,0,0,0,0,0,1,0,0,0,0,0,0,0,0,0,0,3,58,0,0,0,0,1,0,0.07,122,255,1,0,0.01,0.04,0,0,0,0,normal
0,udp,private,SF,105,0,0,0,0,0,0,0,0,0,0,0,0,0,0,0,0,0,1,1,0,0,0,0,1,0,0,255,229,0.9,0.01,0.01,0,0,0,0,0,normal
2,tcp,smtp,SF,1324,334,0,0,0,0,0,1,0,0,0,0,0,0,0,0,0,0,1,4,0,0,0,0,1,0,1,145,153,0.64,0.03,0.01,0.01,0,0,0,0,normal
0,tcp,http,SF,305,2073,0,0,0,0,0,1,0,0,0,0,0,0,0,0,0,0,26,26,0,0,0,0,1,0,0,255,255,1,0,0,0,0,0,0,0,normal
1,tcp,smtp,SF,834,337,0,0,0,0,0,1,0,0,0,0,0,0,0,0,0,0,1,1,0,0,0,0,1,0,0,110,136,0.61,0.04,0.01,0.01,0,0,0,0,normal
0,tcp,http,SF,216,3421,0,0,0,0,0,1,0,0,0,0,0,0,0,0,0,0,12,23,0,0,0,0,1,0,0.09,255,255,1,0,0.01,0,0,0,0,0,normal
0,tcp,ftp_data,SF,567,0,0,0,0,0,0,1,0,0,0,6,0,0,0,0,0,0,3,1,0,0,0,0,0.33,0.67,0,110,58,0.39,0.05,0.39,0.03,0,0,0,0,normal
0,tcp,http,SF,235,2070,0,0,0,0,0,1,0,0,0,0,0,0,0,0,0,0,1,1,0,0,0,0,1,0,0,68,255,1,0,0.01,0.07,0,0,0,0,normal
0,tcp,http,SF,309,571,0,0,0,0,0,1,0,0,0,0,0,0,0,0,0,0,16,16,0,0,0,0,1,0,0,16,255,1,0,0.06,0.05,0,0,0,0,normal
0,tcp,http,SF,235,2332,0,0,0,0,0,1,0,0,0,0,0,0,0,0,0,0,1,1,0,0,0,0,1,0,0,39,255,1,0,0.03,0.04,0,0,0,0.01,normal
0,tcp,http,SF,248,533,0,0,0,0,0,1,0,0,0,0,0,0,0,0,0,0,6,6,0,0,0,0,1,0,0,62,132,1,0,0.02,0.03,0,0,0,0,normal
0,tcp,http,SF,245,4995,0,0,0,0,0,1,0,0,0,0,0,0,0,0,0,0,2,21,0,0,0,0,1,0,0.19,56,141,1,0,0.02,0.02,0,0,0,0,normal
0,tcp,http,SF,353,2434,0,0,0,0,0,1,0,0,0,0,0,0,0,0,0,0,30,30,0,0,0,0,1,0,0,90,255,1,0,0.01,0.02,0,0,0,0,normal
0,tcp,http,SF,146,22657,0,0,0,0,0,1,0,0,0,0,0,0,0,0,0,0,2,3,0,0,0,0,1,0,0.67,13,255,1,0,0.08,0.05,0,0,0,0,normal
2469,udp,other,SF,147,105,0,0,0,0,0,0,0,0,0,0,0,0,0,0,0,0,1,1,0,0,0,0,1,0,0,255,1,0,0.81,0.96,0,0,0,0,0,normal
0,udp,domain_u,SF,32,32,0,0,0,0,0,0,0,0,0,0,0,0,0,0,0,0,2,3,0,0,0,0,1,0,0.67,255,253,0.99,0.01,0,0,0,0,0,0,normal
0,tcp,http,SF,249,1379,0,0,0,0,0,1,0,0,0,0,0,0,0,0,0,0,26,26,0,0,0,0,1,0,0,26,255,1,0,0.04,0.01,0,0,0,0,normal
0,udp,ntp_u,SF,48,48,0,0,0,0,0,0,0,0,0,0,0,0,0,0,0,0,1,1,0,0,0,0,1,0,0,61,24,0.39,0.03,0.39,0,0,0,0,0,normal
0,tcp,http,SF,164,287,0,0,0,0,0,1,0,0,0,0,0,0,0,0,0,0,1,1,0,0,0,0,1,0,0,6,255,1,0,0.17,0.02,0,0,0,0,normal
2,tcp,ssh,SF,651,9615,0,0,0,0,0,1,0,0,0,0,0,0,0,0,0,0,1,1,0,0,0,0,1,0,0,255,1,0,0.01,0,0,0,0,0,0,normal
0,tcp,http,SF,309,3232,0,0,0,0,0,1,0,0,0,0,0,0,0,0,0,0,32,42,0,0,0,0,1,0,0.12,255,255,1,0,0,0,0,0,0,0,normal
0,tcp,http,SF,284,1378,0,0,0,0,0,1,0,0,0,0,0,0,0,0,0,0,9,34,0,0,0,0,1,0,0.06,9,255,1,0,0.11,0.02,0,0,0,0,normal
0,tcp,smtp,SF,899,332,0,0,0,0,0,1,0,0,0,0,0,0,0,0,0,0,2,2,0,0,0,0,0.5,1,1,133,138,0.53,0.05,0.01,0.01,0,0,0,0,normal
0,tcp,http,SF,321,17359,0,0,0,0,0,1,0,0,0,0,0,0,0,0,0,0,2,2,0,0,0,0,1,0,0,14,255,1,0,0.07,0.03,0,0,0,0,normal
0,tcp,http,SF,294,285,0,0,0,0,0,1,0,0,0,0,0,0,0,0,0,0,18,21,0,0,0,0,1,0,0.14,255,255,1,0,0,0,0,0,0,0,normal
2764,udp,other,SF,147,105,0,0,0,0,0,0,0,0,0,0,0,0,0,0,0,0,1,1,0,0,0,0,1,0,0,255,3,0.01,0.52,0.83,0,0,0,0,0,normal
0,tcp,http,SF,317,1477,0,0,0,0,0,1,0,0,0,0,0,0,0,0,0,0,8,8,0,0,0,0,1,0,0,39,255,1,0,0.03,0.01,0,0.01,0,0,normal
0,tcp,http,SF,219,690,0,0,0,0,0,1,0,0,0,0,0,0,0,0,0,0,9,9,0,0,0,0,1,0,0,9,255,1,0,0.11,0.02,0,0,0,0,normal
0,tcp,smtp,SF,1209,332,0,0,0,0,0,1,0,0,0,0,0,0,0,0,0,0,2,2,0,0,0,0,1,0,0,204,144,0.6,0.02,0.01,0.01,0,0,0,0,normal
0,udp,domain_u,SF,42,42,0,0,0,0,0,0,0,0,0,0,0,0,0,0,0,0,8,16,0,0,0,0,1,0,0.25,255,245,0.96,0.01,0.01,0,0,0,0,0,normal
0,icmp,urp_i,SF,182,0,0,0,0,0,0,0,0,0,0,0,0,0,0,0,0,0,3,2,0,0,0,0,0.67,0.67,0,255,21,0.08,0.01,0.1,0,0,0,0,0,normal
0,tcp,http,SF,224,14593,0,0,0,0,0,1,0,0,0,0,0,0,0,0,0,0,4,4,0,0,0,0,1,0,0,60,255,1,0,0.02,0.04,0,0,0,0,normal
0,tcp,http,SF,182,474,0,0,0,0,0,1,0,0,0,0,0,0,0,0,0,0,1,1,0,0,0,0,1,0,0,136,255,1,0,0.01,0.04,0,0,0,0,normal
0,tcp,http,SF,303,204,0,0,0,0,0,1,0,0,0,0,0,0,0,0,0,0,3,4,0,0,0,0,1,0,0.5,22,255,1,0,0.05,0.05,0.05,0.01,0.05,0.01,normal
0,tcp,smtp,SF,2863,332,0,0,0,0,0,1,0,0,0,0,0,0,0,0,0,0,1,1,0,0,0,0,1,0,0,100,47,0.47,0.06,0.01,0,0,0,0,0,normal
0,tcp,private,RSTR,0,0,0,0,0,0,0,0,0,0,0,0,0,0,0,0,0,0,1,1,0,0,1,1,1,0,0,255,1,0,0.62,1,0,0,0,1,1,attack
0,tcp,http,SF,308,412,0,0,0,0,0,1,0,0,0,0,0,0,0,0,0,0,8,10,0,0,0,0,1,0,0.2,8,255,1,0,0.12,0.02,0,0,0,0,normal
0,tcp,http,SF,325,622,0,0,0,0,0,1,0,0,0,0,0,0,0,0,0,0,3,18,0,0,0,0,1,0,0.11,255,255,1,0,0,0,0,0,0,0,normal
0,tcp,http,SF,354,2225,0,0,0,0,0,1,0,0,0,0,0,0,0,0,0,0,15,17,0,0,0,0,1,0,0.12,255,255,1,0,0.01,0,0,0,0,0,normal
0,tcp,http,SF,298,2138,0,0,0,0,0,1,0,0,0,0,0,0,0,0,0,0,15,16,0,0,0,0,1,0,0.12,145,255,1,0,0.01,0.04,0,0,0,0,normal
0,icmp,ecr_i,SF,1032,0,0,0,0,0,0,0,0,0,0,0,0,0,0,0,0,0,511,511,0,0,0,0,1,0,0,255,213,0.84,0.01,0.84,0,0,0,0,0,attack
0,tcp,http,SF,321,707,0,0,0,0,0,1,0,0,0,0,0,0,0,0,0,0,10,10,0,0,0,0,1,0,0,169,255,1,0,0.01,0.02,0.01,0.01,0,0,normal
0,tcp,http,SF,220,12097,0,0,0,0,0,1,0,0,0,0,0,0,0,0,0,0,11,11,0,0,0,0,1,0,0,43,255,1,0,0.02,0.05,0,0,0,0,normal
0,tcp,http,SF,226,63112,0,0,0,0,0,1,0,0,0,0,0,0,0,0,0,0,5,5,0,0,0,0,1,0,0,78,255,1,0,0.01,0.02,0.01,0.01,0,0,normal
0,udp,domain_u,SF,44,110,0,0,0,0,0,0,0,0,0,0,0,0,0,0,0,0,1,1,0,0,0,0,1,0,0,255,246,0.96,0.01,0,0,0,0,0,0,normal
0,tcp,http,SF,275,2587,0,0,0,0,0,1,0,0,0,0,0,0,0,0,0,0,4,4,0,0,0,0,1,0,0,30,255,1,0,0.03,0.03,0.03,0.02,0,0.02,normal
0,tcp,http,SF,198,2337,0,0,0,0,0,1,0,0,0,0,0,0,0,0,0,0,5,5,0,0,0,0,1,0,0,32,255,1,0,0.03,0.01,0,0,0,0,normal
0,udp,domain_u,SF,34,88,0,0,0,0,0,0,0,0,0,0,0,0,0,0,0,0,1,17,0,0,0,0,1,0,0.41,255,221,0.87,0.01,0,0,0,0,0,0,normal
0,tcp,smtp,SF,1743,329,0,0,0,0,0,1,0,0,0,0,0,0,0,0,0,0,1,1,0,0,0,0,1,0,0,127,186,0.73,0.04,0.01,0.01,0,0,0,0,normal
0,tcp,http,SF,279,9038,0,0,0,0,0,1,0,0,0,0,0,0,0,0,0,0,1,1,0,0,0,0,1,0,0,255,255,1,0,0,0,0,0,0,0,normal
0,tcp,http,SF,232,3817,0,0,0,0,0,1,0,0,0,0,0,0,0,0,0,0,18,18,0,0,0,0,1,0,0,255,255,1,0,0,0,0,0,0,0,normal
0,tcp,http,SF,301,12062,0,0,0,0,0,1,0,0,0,0,0,0,0,0,0,0,9,9,0,0,0,0,1,0,0,255,255,1,0,0,0,0,0,0,0,normal
4175,udp,other,SF,147,105,0,0,0,0,0,0,0,0,0,0,0,0,0,0,0,0,2,2,0,0,0,0,1,0,0,255,2,0.01,0.83,1,0,0,0,0,0,normal
15,tcp,smtp,SF,1370,331,0,0,0,0,0,1,0,0,0,0,0,0,0,0,0,0,1,1,0,0,0,0,1,0,0,79,170,0.84,0.05,0.01,0.01,0,0,0,0,normal
0,tcp,http,SF,315,7613,0,0,0,0,0,1,0,0,0,0,0,0,0,0,0,0,6,6,0,0,0,0,1,0,0,6,255,1,0,0.17,0.02,0,0,0,0,normal
0,tcp,http,SF,198,1519,0,0,0,0,0,1,0,0,0,0,0,0,0,0,0,0,10,27,0,0,0,0,1,0,0.15,10,255,1,0,0.1,0.08,0,0.01,0,0.01,normal
0,tcp,http,SF,294,1713,0,0,0,0,0,1,0,0,0,0,0,0,0,0,0,0,9,9,0,0,0,0,1,0,0,255,255,1,0,0,0,0,0,0,0,normal
0,tcp,http,REJ,0,0,0,0,0,0,0,0,0,0,0,0,0,0,0,0,0,0,1,2,0,0,1,1,1,0,1,30,255,1,0,0.03,0.17,0,0,1,1,normal
5,udp,private,SF,105,147,0,0,0,0,0,0,0,0,0,0,0,0,0,0,0,0,2,2,0,0,0,0,1,0,0,255,238,0.93,0.01,0.02,0,0,0,0,0,normal
0,tcp,http,SF,347,8503,0,0,0,0,0,1,0,0,0,0,0,0,0,0,0,0,3,3,0,0,0,0,1,0,0,25,255,1,0,0.04,0.04,0,0,0,0,normal
0,tcp,http,REJ,0,0,0,0,0,0,0,0,0,0,0,0,0,0,0,0,0,0,1,2,0,0,1,1,1,0,1,10,255,1,0,0.1,0.25,0,0,1,1,normal
0,tcp,http,SF,344,274,0,0,0,0,0,1,0,0,0,0,0,0,0,0,0,0,3,3,0,0,0,0,1,0,0,255,255,1,0,0,0,0,0,0,0,normal
0,tcp,http,SF,195,405,0,0,0,0,0,1,0,0,0,0,0,0,0,0,0,0,1,13,0,0,0,0,1,0,0.15,4,255,1,0,0.25,0.04,0,0,0,0,normal
0,icmp,eco_i,SF,30,0,0,0,0,0,0,0,0,0,0,0,0,0,0,0,0,0,7,1,0,0,0,0,0.14,0.29,0,255,4,0.02,0.01,0.07,0,0,0,0,0,normal
0,udp,domain_u,SF,36,0,0,0,0,0,0,0,0,0,0,0,0,0,0,0,0,0,1,2,0,0,0,0,1,0,1,66,66,1,0,1,0,0,0,0,0,normal
0,tcp,http,SF,236,3222,0,0,0,0,0,1,0,0,0,0,0,0,0,0,0,0,5,5,0,0,0,0,1,0,0,255,249,0.98,0.01,0,0,0,0,0,0,normal
2470,udp,other,SF,147,105,0,0,0,0,0,0,0,0,0,0,0,0,0,0,0,0,1,1,0,0,0,0,1,0,0,255,1,0,0.9,0.99,0,0,0,0,0,normal
0,udp,domain_u,SF,43,68,0,0,0,0,0,0,0,0,0,0,0,0,0,0,0,0,227,227,0,0,0,0,1,0,0,255,254,1,0.01,0,0,0,0,0,0,normal
0,tcp,http,SF,217,288,0,0,0,0,0,1,0,0,0,0,0,0,0,0,0,0,10,21,0,0,0,0,1,0,0.19,167,255,1,0,0.01,0.02,0,0,0,0,normal
0,tcp,http,REJ,0,0,0,0,0,0,0,0,0,0,0,0,0,0,0,0,0,0,1,1,0,0,1,1,1,0,0,193,255,1,0,0.01,0.02,0,0,0.16,0.35,normal
0,tcp,http,SF,313,1509,0,0,0,0,0,1,0,0,0,0,0,0,0,0,0,0,9,9,0,0,0,0,1,0,0,9,255,1,0,0.11,0.04,0,0.01,0,0,normal
0,tcp,smtp,SF,853,330,0,0,0,0,0,1,0,0,0,0,0,0,0,0,0,0,1,1,0,0,0,0,1,0,0,164,201,0.78,0.02,0.01,0.01,0,0,0,0,normal
0,tcp,http,SF,226,2536,0,0,0,0,0,1,0,0,0,0,0,0,0,0,0,0,2,4,0,0,0,0,1,0,0.5,255,255,1,0,0,0,0,0,0,0,normal
0,tcp,http,SF,283,8280,0,0,0,0,0,1,0,0,0,0,0,0,0,0,0,0,2,23,0,0,0,0,1,0,0.17,24,255,1,0,0.04,0.07,0,0,0,0,normal
0,tcp,http,REJ,0,0,0,0,0,0,0,0,0,0,0,0,0,0,0,0,0,0,1,3,0,0,1,1,1,0,1,5,255,1,0,0.2,0.13,0,0,1,0.79,normal
0,tcp,http,SF,228,10280,0,0,0,0,0,1,0,0,0,0,0,0,0,0,0,0,1,5,0,0,0,0,1,0,0.4,28,255,1,0,0.04,0.01,0,0,0,0,normal
0,tcp,ftp_data,SF,212,0,0,0,0,0,0,1,0,0,0,1,0,0,0,0,0,0,2,2,0,0,0,0,1,0,0,64,75,0.5,0.06,0.5,0.03,0,0,0,0,normal
2,tcp,smtp,SF,1594,331,0,0,0,0,0,1,0,0,0,0,0,0,0,0,0,0,1,2,0,0,0,0,1,0,1,7,187,0.71,0.29,0.14,0.02,0,0,0,0,normal
0,tcp,http,REJ,0,0,0,0,0,0,0,0,0,0,0,0,0,0,0,0,0,0,1,2,0,0,1,1,1,0,1,5,251,1,0,0.2,0.16,0,0,1,0.72,normal
0,tcp,http,SF,308,3222,0,0,0,0,0,1,0,0,0,0,0,0,0,0,0,0,2,2,0,0,0,0,1,0,0,255,249,0.98,0.01,0,0,0,0,0,0,normal
0,tcp,http,SF,227,2966,0,0,0,0,0,1,0,0,0,0,0,0,0,0,0,0,7,7,0,0,0,0,1,0,0,182,255,1,0,0.01,0.01,0,0,0,0,normal
0,tcp,http,SF,294,18865,0,0,0,0,0,1,0,0,0,0,0,0,0,0,0,0,1,1,0,0,0,0,1,0,0,255,255,1,0,0,0,0,0,0,0,normal
0,tcp,http,SF,266,7956,0,0,0,0,0,1,0,0,0,0,0,0,0,0,0,0,28,28,0,0,0,0,1,0,0,255,255,1,0,0,0,0,0,0,0,normal
9855,udp,other,SF,147,105,0,0,0,0,0,0,0,0,0,0,0,0,0,0,0,0,1,1,0,0,0,0,1,0,0,255,1,0,0.74,0.88,0,0,0,0,0,normal
0,tcp,http,SF,222,496,0,0,0,0,0,1,0,0,0,0,0,0,0,0,0,0,5,5,0,0,0,0,1,0,0,5,255,1,0,0.2,0.04,0,0,0,0,normal
0,tcp,other,REJ,0,0,0,0,0,0,0,0,0,0,0,0,0,0,0,0,0,0,511,1,0.1,0,0.87,1,0,1,0,255,1,0,1,0,0,0.08,0,0.87,1,attack
0,tcp,http,SF,220,550,0,0,0,0,0,1,0,0,0,0,0,0,0,0,0,0,6,21,0,0,0,0,1,0,0.14,35,255,1,0,0.03,0.02,0,0,0,0,normal
0,tcp,http,SF,279,4304,0,0,0,0,0,1,0,0,0,0,0,0,0,0,0,0,13,13,0,0,0,0,1,0,0,13,255,1,0,0.08,0.05,0,0,0,0,normal
1,tcp,smtp,SF,1328,367,0,0,0,0,0,1,0,0,0,0,0,0,0,0,0,0,1,2,0,0,0,0,1,0,1,163,132,0.53,0.04,0.01,0.02,0.02,0.02,0,0,normal
0,tcp,ftp_data,SF,7162,0,0,0,0,0,0,1,0,0,0,0,0,0,0,0,0,0,7,7,0,0,0,0,1,0,0,166,97,0.4,0.03,0.4,0.02,0.01,0,0,0,normal
0,tcp,ftp_data,SF,16787,0,0,0,0,0,0,1,0,0,0,0,1,0,0,0,0,0,11,11,0,0,0,0,1,0,0,86,93,0.45,0.06,0.45,0.02,0,0,0,0,normal
0,udp,domain_u,SF,51,104,0,0,0,0,0,0,0,0,0,0,0,0,0,0,0,0,6,6,0,0,0,0,1,0,0,68,85,0.74,0.03,0.74,0.02,0.01,0,0.21,0,normal
0,tcp,http,SF,233,32395,0,0,0,0,0,1,0,0,0,0,0,0,0,0,0,0,2,2,0,0,0,0,1,0,0,255,255,1,0,0,0,0,0,0,0,normal
0,tcp,http,SF,302,25349,0,0,0,0,0,1,0,0,0,0,0,0,0,0,0,0,6,6,0,0,0,0,1,0,0,255,255,1,0,0,0,0,0,0,0,normal
0,tcp,http,SF,54540,8314,0,0,0,2,0,1,1,0,0,0,0,0,0,0,0,0,2,2,0,0,0,0,1,0,0,192,192,1,0,0.01,0,0,0,0.01,0.01,attack
0,tcp,http,SF,217,2450,0,0,0,0,0,1,0,0,0,0,0,0,0,0,0,0,5,19,0,0,0,0,1,0,0.26,255,255,1,0,0,0,0,0,0,0,normal
0,icmp,eco_i,SF,8,0,0,0,0,0,0,0,0,0,0,0,0,0,0,0,0,0,1,7,0,0,0,0,1,0,1,1,29,1,0,1,0.52,0,0,0,0,attack
0,tcp,smtp,SF,1028,384,0,0,0,0,0,1,0,0,0,0,0,0,0,0,0,0,1,1,0,0,0,0,1,0,0,144,142,0.48,0.03,0.01,0.01,0.03,0,0,0,normal
0,udp,private,SF,28,0,0,3,0,0,0,0,0,0,0,0,0,0,0,0,0,0,39,38,0,0,0.03,0,0.97,0.05,0,255,38,0.15,0.02,0.15,0,0,0,0.65,0,attack
0,tcp,http,SF,251,1745,0,0,0,0,0,1,0,0,0,0,0,0,0,0,0,0,7,7,0,0,0,0,1,0,0,255,242,0.95,0.01,0,0,0,0,0,0,normal
0,tcp,ftp_data,SF,15377,0,0,0,0,0,0,1,0,0,0,0,0,0,0,0,0,0,7,7,0,0,0,0,1,0,0,40,65,0.77,0.05,0.77,0.05,0,0,0,0,normal
0,udp,domain_u,SF,36,101,0,0,0,0,0,0,0,0,0,0,0,0,0,0,0,0,2,2,0,0,0,0,1,0,0,255,214,0.84,0.01,0,0,0,0,0,0,normal
0,tcp,http,SF,372,863,0,0,0,0,0,1,0,0,0,0,0,0,0,0,0,0,3,4,0,0,0,0,1,0,0.5,255,255,1,0,0,0,0,0,0,0,normal
0,tcp,http,SF,241,1657,0,0,0,0,0,1,0,0,0,0,0,0,0,0,0,0,9,24,0,0,0,0,1,0,0.21,255,255,1,0,0.01,0,0,0,0,0,normal
0,tcp,http,SF,241,2481,0,0,0,0,0,1,0,0,0,0,0,0,0,0,0,0,11,11,0,0,0,0,1,0,0,41,255,1,0,0.02,0.03,0,0,0,0,normal
0,tcp,ftp_data,SF,14189,0,0,0,0,0,0,0,0,0,0,0,0,0,0,0,0,0,15,15,0,0,0,0,1,0,0,161,51,0.32,0.02,0.32,0,0,0,0,0,normal
0,tcp,smtp,SF,1432,335,0,0,0,0,0,1,0,0,0,0,0,0,0,0,0,0,1,1,0,0,0,0,1,0,0,178,122,0.4,0.02,0.01,0.02,0,0,0,0,normal
0,tcp,ftp_data,SF,5336,0,0,0,0,0,0,1,0,0,0,0,0,0,0,0,0,0,12,25,0,0,0,0,1,0,0.08,211,101,0.37,0.04,0.37,0.02,0,0,0,0,normal
0,udp,private,SF,28,0,0,3,0,0,0,0,0,0,0,0,0,0,0,0,0,0,78,78,0,0,0,0,1,0,0,255,178,0.7,0.31,0.7,0,0.09,0,0.22,0,attack
0,tcp,http,REJ,0,0,0,0,0,0,0,0,0,0,0,0,0,0,0,0,0,0,1,1,0,0,1,1,1,0,0,75,255,1,0,0.01,0.07,0,0,1,1,normal
0,tcp,http,SF,331,746,0,0,0,0,0,1,0,0,0,0,0,0,0,0,0,0,13,18,0,0,0,0,1,0,0.22,17,255,1,0,0.06,0.05,0,0,0,0,normal
0,tcp,http,SF,203,926,0,0,0,0,0,1,0,0,0,0,0,0,0,0,0,0,29,72,0,0,0,0,1,0,0.07,29,255,1,0,0.03,0.03,0,0,0,0,normal
0,tcp,http,SF,158,5059,0,0,0,0,0,1,0,0,0,0,0,0,0,0,0,0,10,10,0,0,0,0,1,0,0,10,255,1,0,0.1,0.01,0,0,0,0,normal
0,tcp,http,SF,203,781,0,0,0,0,0,1,0,0,0,0,0,0,0,0,0,0,1,6,0,0,0,0,1,0,0.33,13,255,1,0,0.08,0.03,0,0,0,0,normal
0,icmp,eco_i,SF,30,0,0,0,0,0,0,0,0,0,0,0,0,0,0,0,0,0,1,1,0,0,0,0,1,0,0,255,36,0.14,0.01,0.63,0,0,0,0,0,normal
0,tcp,http,SF,223,1214,0,0,0,0,0,1,0,0,0,0,0,0,0,0,0,0,4,8,0,0,0,0,1,0,0.38,255,255,1,0,0,0,0,0,0,0,normal
0,tcp,http,SF,229,48604,0,0,0,0,0,1,0,0,0,0,0,0,0,0,0,0,3,6,0,0,0,0,1,0,0.5,10,255,1,0,0.1,0.02,0,0,0,0,normal
0,tcp,ftp_data,SF,491,0,0,0,0,0,0,0,0,0,0,0,0,0,0,0,0,0,2,2,0,0,0,0,1,0,0,143,108,0.6,0.02,0.6,0.02,0,0,0,0,normal
0,tcp,http,SF,284,526,0,0,0,0,0,1,0,0,0,0,0,0,0,0,0,0,1,14,0,0,0,0,1,0,0.36,17,255,1,0,0.06,0.06,0,0,0,0,normal
0,tcp,http,SF,203,1865,0,0,0,0,0,1,0,0,0,0,0,0,0,0,0,0,4,4,0,0,0,0,1,0,0,27,255,1,0,0.04,0.03,0,0,0,0.01,normal
0,tcp,http,SF,198,283,0,0,0,0,0,1,0,0,0,0,0,0,0,0,0,0,10,10,0,0,0,0,1,0,0,12,255,1,0,0.08,0.04,0,0,0,0,normal
0,tcp,http,SF,290,667,0,0,0,0,0,1,0,0,0,0,0,0,0,0,0,0,4,4,0,0,0,0,1,0,0,29,255,1,0,0.03,0.05,0,0,0,0,normal
0,tcp,http,SF,310,1404,0,0,0,0,0,1,0,0,0,0,0,0,0,0,0,0,25,25,0,0,0,0,1,0,0,25,255,1,0,0.04,0.04,0,0.01,0,0,normal
0,tcp,http,SF,228,1065,0,0,0,0,0,1,0,0,0,0,0,0,0,0,0,0,19,21,0,0,0,0,1,0,0.1,214,255,1,0,0,0.01,0,0,0,0,normal
0,tcp,smtp,SF,680,333,0,0,0,0,0,1,0,0,0,0,0,0,0,0,0,0,1,1,0,0,0,0,1,0,0,50,174,0.6,0.04,0.02,0.01,0,0,0,0,normal
0,tcp,http,SF,235,1075,0,0,0,0,0,1,0,0,0,0,0,0,0,0,0,0,5,5,0,0,0,0,1,0,0,255,251,0.98,0.01,0,0,0,0,0,0,normal
0,tcp,http,SF,230,449,0,0,0,0,0,1,0,0,0,0,0,0,0,0,0,0,1,2,0,0,0,0,1,0,1,255,255,1,0,0,0,0,0,0,0,normal
21,tcp,ftp,SF,251,774,0,0,0,4,0,1,0,0,0,0,0,0,0,0,0,1,1,1,0,0,0,0,1,0,0,65,12,0.18,0.11,0.02,0,0,0,0,0,normal
0,tcp,ftp_data,SF,965,0,0,0,0,0,0,0,0,0,0,0,0,0,0,0,0,0,7,7,0,0,0,0,1,0,0,255,23,0.09,0.03,0.09,0,0,0,0.01,0,normal
0,udp,other,SF,145,0,0,0,0,0,0,0,0,0,0,0,0,0,0,0,0,0,3,1,0,0,0,0,0.33,0.67,0,255,1,0,0.81,1,0,0,0,0,0,normal
0,tcp,http,SF,255,1727,0,0,0,0,0,1,0,0,0,0,0,0,0,0,0,0,4,4,0,0,0,0,1,0,0,255,247,0.97,0.01,0,0,0,0,0,0,normal
0,tcp,http,SF,277,313,0,0,0,0,0,1,0,0,0,0,0,0,0,0,0,0,17,21,0,0,0,0,1,0,0.1,255,255,1,0,0,0,0,0,0,0,normal
0,udp,domain_u,SF,45,45,0,0,0,0,0,0,0,0,0,0,0,0,0,0,0,0,168,170,0,0,0,0,1,0,0.01,255,229,0.9,0.01,0,0,0,0,0,0,normal
0,tcp,http,SF,54540,8314,0,0,0,2,0,1,1,0,0,0,0,0,0,0,0,0,5,6,0,0,0.2,0.33,1,0,0.33,172,172,1,0,0.01,0,0,0,0.06,0.06,attack
0,tcp,http,SF,54540,8314,0,0,0,2,0,1,1,0,0,0,0,0,0,0,0,0,4,5,0,0,0,0.2,1,0,0.4,101,101,1,0,0.01,0,0,0,0.05,0.05,attack
0,tcp,http,SF,200,677,0,0,0,0,0,1,0,0,0,0,0,0,0,0,0,0,13,13,0,0,0,0,1,0,0,99,236,1,0,0.01,0.01,0,0,0,0,normal
0,tcp,http,SF,298,1776,0,0,0,0,0,1,0,0,0,0,0,0,0,0,0,0,4,4,0,0,0,0,1,0,0,53,255,1,0,0.02,0.01,0,0,0,0,normal
0,tcp,http,SF,331,5374,0,0,0,0,0,1,0,0,0,0,0,0,0,0,0,0,8,8,0,0,0,0,1,0,0,30,255,1,0,0.03,0.04,0,0,0,0,normal
0,tcp,http,SF,427,338,0,0,0,0,0,1,0,0,0,0,0,0,0,0,0,0,10,10,0,0,0,0,1,0,0,255,255,1,0,0,0,0,0,0,0,normal
0,tcp,http,REJ,0,0,0,0,0,0,0,0,0,0,0,0,0,0,0,0,0,0,1,2,0,0,1,0.5,1,0,1,44,255,1,0,0.02,0.13,0,0,0.61,0.83,normal
0,tcp,http,SF,246,8387,0,0,0,0,0,1,0,0,0,0,0,0,0,0,0,0,15,15,0,0,0,0,1,0,0,54,255,1,0,0.02,0.03,0,0,0,0,normal
0,tcp,finger,SF,8,141,0,0,0,0,0,0,0,0,0,0,0,0,0,0,0,0,1,1,0,0,0,0,1,0,0,11,1,0.09,0.27,0.09,0,0,0,0,0,normal
4209,udp,other,SF,146,105,0,0,0,0,0,0,0,0,0,0,0,0,0,0,0,0,1,1,0,0,0,0,1,0,0,255,2,0.01,0.64,0.91,0,0,0,0,0,normal
0,tcp,http,SF,296,1425,0,0,0,0,0,1,0,0,0,0,0,0,0,0,0,0,10,35,0,0,0,0,1,0,0.06,65,65,1,0,0.02,0,0,0,0,0,normal
0,tcp,smtp,SF,1236,330,0,0,0,0,0,1,0,0,0,0,0,0,0,0,0,0,1,2,0,0,0,0,1,0,1,100,58,0.58,0.05,0.01,0,0.01,0.02,0,0,normal
0,tcp,http,SF,286,1583,0,0,0,0,0,1,0,0,0,0,0,0,0,0,0,0,13,22,0,0,0,0,1,0,0.09,255,255,1,0,0,0,0,0,0,0,normal
5,tcp,smtp,SF,885,330,0,0,0,0,0,1,0,0,0,0,0,0,0,0,0,0,1,2,0,0,0,0,1,0,1,66,186,0.5,0.08,0.02,0.01,0,0,0.02,0,normal
0,tcp,http,SF,193,4981,0,0,0,0,0,1,0,0,0,0,0,0,0,0,0,0,15,15,0,0,0,0,1,0,0,60,255,1,0,0.02,0.04,0,0,0,0,normal
0,tcp,http,SF,190,1289,0,0,0,0,0,1,0,0,0,0,0,0,0,0,0,0,19,21,0,0,0,0,1,0,0.1,19,255,1,0,0.05,0.03,0,0,0,0,normal
0,tcp,http,SF,328,510,0,0,0,0,0,1,0,0,0,0,0,0,0,0,0,0,1,1,0,0,0,0,1,0,0,167,255,1,0,0.01,0.02,0.01,0,0.01,0,normal
0,tcp,http,SF,152,37654,0,0,0,0,0,1,0,0,0,0,0,0,0,0,0,0,1,8,0,0,0,0,1,0,0.25,255,255,1,0,0,0,0,0,0,0,normal
4580,udp,other,SF,146,105,0,0,0,0,0,0,0,0,0,0,0,0,0,0,0,0,2,2,0,0,0,0,1,0,0,255,2,0.01,0.85,1,0,0,0,0,0,normal
15,tcp,smtp,SF,5756,331,0,0,0,0,0,1,0,0,0,0,0,0,0,0,0,0,1,1,0,0,0,0,1,0,0,69,52,0.75,0.06,0.01,0,0,0,0,0,normal
0,tcp,http,SF,352,917,0,0,0,0,0,1,0,0,0,0,0,0,0,0,0,0,12,12,0,0,0,0,1,0,0,101,255,1,0,0.01,0.03,0,0,0,0,normal
0,udp,domain_u,SF,104,0,0,0,0,0,0,0,0,0,0,0,0,0,0,0,0,0,1,2,0,0,0,0,1,0,1,56,56,1,0,1,0,0,0,0,0,normal
0,tcp,http,SF,310,3222,0,0,0,0,0,1,0,0,0,0,0,0,0,0,0,0,3,4,0,0,0,0.25,1,0,0.5,255,247,0.97,0.01,0,0,0,0,0,0,normal
0,icmp,urp_i,SF,182,0,0,0,0,0,0,0,0,0,0,0,0,0,0,0,0,0,3,3,0,0,0,0,1,0,0,255,39,0.15,0.01,0.17,0,0,0,0,0,normal
0,tcp,http,SF,230,1007,0,0,0,0,0,1,0,0,0,0,0,0,0,0,0,0,8,8,0,0,0,0,1,0,0,32,255,1,0,0.03,0.03,0,0,0,0,normal
0,tcp,http,SF,411,12495,0,0,0,0,0,1,0,0,0,0,0,0,0,0,0,0,11,11,0,0,0,0,1,0,0,255,255,1,0,0,0,0,0,0,0,normal
0,tcp,http,SF,323,771,0,0,0,0,0,1,0,0,0,0,0,0,0,0,0,0,13,15,0,0,0,0,1,0,0.2,255,255,1,0,0,0,0,0,0,0,normal
0,tcp,http,SF,294,3307,0,0,0,0,0,1,0,0,0,0,0,0,0,0,0,0,4,4,0,0,0,0,1,0,0,205,255,1,0,0,0.01,0,0,0,0,normal
0,tcp,http,SF,229,258,0,0,0,0,0,1,0,0,0,0,0,0,0,0,0,0,2,2,0,0,0,0,1,0,0,255,249,0.98,0.01,0,0,0,0,0,0,normal
0,tcp,http,SF,319,1211,0,0,0,0,0,1,0,0,0,0,0,0,0,0,0,0,5,5,0,0,0,0,1,0,0,255,255,1,0,0,0,0,0,0,0,normal
1,tcp,ftp,SF,1151,2445,0,0,0,28,0,1,0,0,0,0,0,0,0,0,0,1,1,1,0,0,0,0,1,0,0,255,88,0.35,0.02,0,0,0,0,0,0,attack
0,udp,other,SF,147,0,0,0,0,0,0,0,0,0,0,0,0,0,0,0,0,0,5,1,0,0,0,0,0.2,0.6,0,255,1,0,0.43,0.93,0,0,0,0,0,normal
0,tcp,http,SF,215,296,0,0,0,0,0,1,0,0,0,0,0,0,0,0,0,0,3,8,0,0,0,0.12,1,0,0.25,255,255,1,0,0,0,0,0,0,0,normal
0,tcp,http,SF,209,396,0,0,0,0,0,1,0,0,0,0,0,0,0,0,0,0,6,6,0,0,0,0,1,0,0,255,255,1,0,0,0,0,0,0,0,normal
0,tcp,http,SF,289,1685,0,0,0,0,0,1,0,0,0,0,0,0,0,0,0,0,19,19,0,0,0,0,1,0,0,145,255,1,0,0.01,0.05,0,0,0,0,normal
0,udp,domain_u,SF,44,132,0,0,0,0,0,0,0,0,0,0,0,0,0,0,0,0,11,47,0,0,0,0,1,0,0.04,255,202,0.79,0.02,0,0,0,0,0,0,normal
0,tcp,http,SF,304,763,0,0,0,0,0,1,0,0,0,0,0,0,0,0,0,0,1,4,0,0,0,0,1,0,0.5,245,255,1,0,0,0.01,0,0,0,0,normal
0,tcp,http,SF,409,9830,0,0,0,0,0,1,0,0,0,0,0,0,0,0,0,0,6,7,0,0,0,0,1,0,0.29,255,255,1,0,0,0,0,0,0,0,normal
0,tcp,http,SF,176,2194,0,0,0,0,0,1,0,0,0,0,0,0,0,0,0,0,18,18,0,0,0,0,1,0,0,62,255,1,0,0.02,0.05,0,0,0,0,normal
0,tcp,http,SF,231,506,0,0,0,0,0,1,0,0,0,0,0,0,0,0,0,0,34,55,0,0,0,0,1,0,0.13,255,255,1,0,0,0,0,0,0,0,normal
0,tcp,smtp,SF,1171,325,0,0,0,0,0,1,0,0,0,0,0,0,0,0,0,0,1,1,0,0,0,0,1,0,0,65,129,0.35,0.03,0.02,0.02,0,0,0,0,normal
0,udp,ntp_u,SF,48,48,0,0,0,0,0,0,0,0,0,0,0,0,0,0,0,0,1,1,0,0,0,0,1,0,0,83,28,0.34,0.04,0.34,0,0,0,0,0,normal
0,tcp,http,SF,250,819,0,0,0,0,0,1,0,0,0,0,0,0,0,0,0,0,10,14,0,0,0,0,1,0,0.29,255,255,1,0,0,0,0,0,0,0,normal
0,tcp,http,SF,156,597,0,0,0,0,0,1,0,0,0,0,0,0,0,0,0,0,2,4,0,0,0,0,1,0,0.5,45,255,1,0,0.02,0.03,0.02,0,0,0,normal
0,udp,ntp_u,SF,48,48,0,0,0,0,0,0,0,0,0,0,0,0,0,0,0,0,1,1,0,0,0,0,1,0,0,59,38,0.64,0.05,0.64,0,0,0,0,0,normal
0,tcp,http,SF,221,1718,0,0,0,0,0,1,0,0,0,0,0,0,0,0,0,0,7,7,0,0,0,0,1,0,0,7,255,1,0,0.14,0.04,0,0,0,0,normal
0,tcp,http,SF,336,3705,0,0,0,0,0,1,0,0,0,0,0,0,0,0,0,0,14,15,0,0,0,0,1,0,0.13,168,255,1,0,0.01,0.02,0,0,0,0,normal
0,icmp,urp_i,SF,183,0,0,0,0,0,0,0,0,0,0,0,0,0,0,0,0,0,2,2,0,0,0,0,1,0,0,255,14,0.05,0.01,0.07,0,0,0,0,0,normal
0,tcp,ftp_data,SF,1199,0,0,0,0,0,0,0,0,0,0,0,0,0,0,0,0,0,2,2,0,0,0,0,1,0,0,78,34,0.15,0.05,0.15,0.06,0,0,0,0,normal
2630,udp,other,SF,145,105,0,0,0,0,0,0,0,0,0,0,0,0,0,0,0,0,5,1,0,0,0,0,0.2,0.6,0,255,1,0,0.87,1,0,0,0,0,0,normal
0,udp,domain_u,SF,45,114,0,0,0,0,0,0,0,0,0,0,0,0,0,0,0,0,2,4,0,0,0,0,1,0,0.5,255,239,0.94,0.01,0,0,0,0,0,0,normal
0,tcp,http,SF,233,575,0,0,0,0,0,1,0,0,0,0,0,0,0,0,0,0,27,27,0,0,0,0,1,0,0,99,255,1,0,0.01,0.01,0,0,0,0,normal
0,tcp,other,SF,5891,0,0,0,0,0,0,1,0,0,0,0,0,0,0,0,0,0,16,1,0.06,0,0,0,0.06,0.19,0,118,1,0.01,0.05,0.6,0,0.02,0,0,0,normal
0,tcp,smtp,SF,1252,338,0,0,0,0,0,1,0,0,0,0,0,0,0,0,0,0,1,1,0,0,0,0,1,0,0,39,137,0.87,0.05,0.03,0.02,0,0,0,0,normal
0,tcp,http,SF,209,279,0,0,0,0,0,1,0,0,0,0,0,0,0,0,0,0,6,8,0,0,0,0,1,0,0.25,73,255,1,0,0.01,0.04,0,0,0,0,normal
0,tcp,http,SF,54540,8314,0,0,0,2,0,1,1,0,0,0,0,0,0,0,0,0,5,6,0,0,0,0.17,1,0,0.33,125,125,1,0,0.01,0,0,0,0.05,0.05,attack
10,udp,private,SF,105,147,0,0,0,0,0,0,0,0,0,0,0,0,0,0,0,0,2,2,0,0,0,0,1,0,0,255,205,0.8,0.01,0.01,0,0,0,0,0,normal
0,tcp,http,SF,339,281,0,0,0,0,0,1,0,0,0,0,0,0,0,0,0,0,10,10,0,0,0,0,1,0,0,255,255,1,0,0,0,0,0,0,0,normal
0,tcp,http,SF,328,321,0,0,0,0,0,1,0,0,0,0,0,0,0,0,0,0,4,4,0,0,0,0,1,0,0,125,255,1,0,0.01,0.01,0,0,0,0,normal
0,tcp,http,REJ,0,0,0,0,0,0,0,0,0,0,0,0,0,0,0,0,0,0,1,2,0,0,1,1,1,0,1,6,238,1,0,0.17,0.21,0,0,1,1,normal
1,tcp,smtp,SF,1733,331,0,0,0,0,0,1,0,0,0,0,0,0,0,0,0,0,1,3,0,0,0,0,1,0,1,152,132,0.87,0.03,0.01,0,0.01,0,0,0,normal
0,udp,domain_u,SF,44,133,0,0,0,0,0,0,0,0,0,0,0,0,0,0,0,0,69,149,0,0,0,0,1,0,0.01,255,205,0.8,0.02,0,0,0,0,0,0,normal
0,udp,private,SF,105,0,0,0,0,0,0,0,0,0,0,0,0,0,0,0,0,0,1,1,0,0,0,0,1,0,0,127,103,0.81,0.02,0.01,0,0,0,0,0,normal
0,tcp,http,SF,254,1947,0,0,0,0,0,1,0,0,0,0,0,0,0,0,0,0,5,6,0,0,0,0,1,0,0.33,255,235,0.92,0.01,0,0,0,0,0,0,normal
0,tcp,http,SF,316,2055,0,0,0,0,0,1,0,0,0,0,0,0,0,0,0,0,10,11,0,0,0,0,1,0,0.18,255,255,1,0,0,0,0,0,0,0,normal
0,tcp,http,SF,337,744,0,0,0,0,0,1,0,0,0,0,0,0,0,0,0,0,2,2,0,0,0,0,1,0,0,108,255,1,0,0.01,0.02,0,0,0,0,normal
0,tcp,http,SF,264,6388,0,0,0,0,0,1,0,0,0,0,0,0,0,0,0,0,7,12,0,0,0,0,1,0,0.25,255,255,1,0,0,0,0,0,0,0,normal
0,tcp,http,SF,208,753,0,0,0,0,0,1,0,0,0,0,0,0,0,0,0,0,22,22,0,0,0,0,1,0,0,255,255,1,0,0.01,0,0,0,0,0,normal
27,tcp,smtp,SF,1261,339,0,0,0,0,0,1,0,0,0,0,0,0,0,0,0,0,1,2,0,0,0,0,1,0,1,69,196,0.58,0.06,0.01,0.01,0,0,0,0,normal
0,tcp,http,SF,205,5739,0,0,0,0,0,1,0,0,0,0,0,0,0,0,0,0,8,11,0,0,0,0,1,0,0.18,8,255,1,0,0.12,0.03,0,0,0,0,normal
0,tcp,http,SF,231,3711,0,0,0,0,0,1,0,0,0,0,0,0,0,0,0,0,18,19,0,0,0,0,1,0,0.11,44,255,1,0,0.02,0.02,0,0,0,0,normal
0,tcp,http,SF,232,1075,0,0,0,0,0,1,0,0,0,0,0,0,0,0,0,0,7,25,0,0,0,0,1,0,0.08,255,249,0.98,0.01,0,0,0,0,0,0,normal
2535,udp,other,SF,146,105,0,0,0,0,0,0,0,0,0,0,0,0,0,0,0,0,5,1,0,0,0,0,0.2,0.6,0,255,1,0,0.62,0.93,0,0,0,0,0,normal
0,tcp,http,SF,304,265,0,0,0,0,0,1,0,0,0,0,0,0,0,0,0,0,1,17,0,0,0,0,1,0,0.12,52,255,1,0,0.02,0.02,0,0,0,0,normal
0,tcp,other,REJ,0,0,0,0,0,0,0,0,0,0,0,0,0,0,0,0,0,0,511,1,0.26,0,0.74,1,0,1,0,255,1,0,1,0,0,0.43,0,0.57,1,attack
0,tcp,http,REJ,0,0,0,0,0,0,0,0,0,0,0,0,0,0,0,0,0,0,1,1,0,0,1,1,1,0,0,63,251,1,0,0.02,0.04,0,0,1,0.99,normal
0,tcp,http,SF,221,18977,0,0,0,0,0,1,0,0,0,0,0,0,0,0,0,0,14,15,0,0,0,0,1,0,0.13,65,97,1,0,0.02,0.02,0,0,0,0,normal
0,tcp,http,REJ,0,0,0,0,0,0,0,0,0,0,0,0,0,0,0,0,0,0,1,1,0,0,1,1,1,0,0,2,149,1,0,0.5,0.14,0,0,1,1,normal
